video,prompt,start_frame_index,num_frames
4001498009.mp4,,5,121
4001498009.mp4,,1871,121
4001498009.mp4,,4662,121
Dl7JbXEbz2QsAbRhBCnwdmHSoCjn44WX.mp4,,21,121
Dl7JbXEbz2QsAbRhBCnwdmHSoCjn44WX.mp4,,2043,121
Dl7JbXEbz2QsAbRhBCnwdmHSoCjn44WX.mp4,,4601,121
vSjuQeNot0f4bgRU1dIvTw__.mp4,,293,121
2215954609.mp4,,72,121
2215954609.mp4,,1158,121
2215954609.mp4,,2307,121
3345737309.mp4,,144,121
3345737309.mp4,,969,121
3345737309.mp4,,1362,121
1404453309.mp4,,49,121
1404453309.mp4,,751,121
1404453309.mp4,,1347,121
5214938109.mp4,,208,121
5214938109.mp4,,2224,121
5214938109.mp4,,5624,121
2376021709.mp4,,3,121
2376021709.mp4,,4182,121
2376021709.mp4,,7348,121
3464029509.mp4,,45,121
3464029509.mp4,,1120,121
3464029509.mp4,,2184,121
RGn2c93XFrCLoLbEjVg~GOudd7C3q9W8.mp4,,30,121
RGn2c93XFrCLoLbEjVg~GOudd7C3q9W8.mp4,,2289,121
RGn2c93XFrCLoLbEjVg~GOudd7C3q9W8.mp4,,3635,121
mhrlEoOvSj1MdtrNcEGiQg__.mp4,,10,121
mhrlEoOvSj1MdtrNcEGiQg__.mp4,,426,121
mhrlEoOvSj1MdtrNcEGiQg__.mp4,,968,121
3679381709.mp4,,64,121
3679381709.mp4,,866,121
3679381709.mp4,,1349,121
5080219409.mp4,,13,121
5080219409.mp4,,1038,121
5080219409.mp4,,2128,121
4723101609.mp4,,3692,121
4723101609.mp4,,4510,121
4723101609.mp4,,5729,121
4929307509.mp4,,2,121
4929307509.mp4,,1969,121
4929307509.mp4,,2921,121
ZK2I0Fm9GGW6c3Z4kHZunw__.mp4,,599,121
ZK2I0Fm9GGW6c3Z4kHZunw__.mp4,,2883,121
ZK2I0Fm9GGW6c3Z4kHZunw__.mp4,,4156,121
3460160409.mp4,,527,121
3460160409.mp4,,3651,121
3460160409.mp4,,6140,121
5016962609.mp4,,308,121
5016962609.mp4,,332,121
5016962609.mp4,,1691,121
P5REvkhE6wI.mp4,,500,121
P5REvkhE6wI.mp4,,4479,121
P5REvkhE6wI.mp4,,9249,121
j3M4gM0VcH8o8sV~~coWgYCwMUfS8a~h.mp4,,66,121
j3M4gM0VcH8o8sV~~coWgYCwMUfS8a~h.mp4,,7545,121
j3M4gM0VcH8o8sV~~coWgYCwMUfS8a~h.mp4,,13032,121
5446261409.mp4,,222,121
5446261409.mp4,,3173,121
5446261409.mp4,,5216,121
zKANxELit~ZWthXw-mneCw__.mp4,,1929,121
4405010409.mp4,,120,121
4405010409.mp4,,1502,121
4405010409.mp4,,4455,121
zh0F4EX7m-18s7sWSyE4f971dvaHrqts.mp4,,13,121
zh0F4EX7m-18s7sWSyE4f971dvaHrqts.mp4,,361,121
zh0F4EX7m-18s7sWSyE4f971dvaHrqts.mp4,,1065,121
rymX6vGfFneusQWxpylrKQ__.mp4,,1,121
rymX6vGfFneusQWxpylrKQ__.mp4,,709,121
rymX6vGfFneusQWxpylrKQ__.mp4,,2790,121
D9Uj4HJ7rMM.mp4,,1738,121
D9Uj4HJ7rMM.mp4,,2819,121
D9Uj4HJ7rMM.mp4,,9687,121
9NR-lv3g2ijleiXvdNBafA__.mp4,,9,121
9NR-lv3g2ijleiXvdNBafA__.mp4,,5578,121
9NR-lv3g2ijleiXvdNBafA__.mp4,,9130,121
he-YIkz8CbWov9MK-hLOzw__.mp4,,108,121
he-YIkz8CbWov9MK-hLOzw__.mp4,,1659,121
he-YIkz8CbWov9MK-hLOzw__.mp4,,3669,121
PH9q6ixQRj8.mp4,,4874,121
PH9q6ixQRj8.mp4,,7299,121
5207183709.mp4,,9,121
5207183709.mp4,,1078,121
5207183709.mp4,,1960,121
J~H0CAghEM4onLp3JhmWLw__.mp4,,388,121
J~H0CAghEM4onLp3JhmWLw__.mp4,,478,121
J~H0CAghEM4onLp3JhmWLw__.mp4,,786,121
rYyPm90SHZQkiykk-5e~kA__.mp4,,73,121
rYyPm90SHZQkiykk-5e~kA__.mp4,,10663,121
rYyPm90SHZQkiykk-5e~kA__.mp4,,21310,121
2073980109.mp4,,77,121
2073980109.mp4,,2557,121
2073980109.mp4,,5438,121
5215150209.mp4,,10,121
5215150209.mp4,,2288,121
5215150209.mp4,,4976,121
3894680009.mp4,,345,121
3894680009.mp4,,1924,121
3894680009.mp4,,2940,121
2093403109.mp4,,136,121
2093403109.mp4,,1971,121
2093403109.mp4,,3810,121
5153904409.mp4,,33,121
5153904409.mp4,,1002,121
5153904409.mp4,,2130,121
3480977909.mp4,,1382,121
3480977909.mp4,,1540,121
3480977909.mp4,,1813,121
2680883909.mp4,,74,121
2680883909.mp4,,1762,121
2680883909.mp4,,3063,121
4343960209.mp4,,75,121
4343960209.mp4,,4111,121
4343960209.mp4,,6285,121
2787462109.mp4,,93,121
2787462109.mp4,,3312,121
2787462109.mp4,,5254,121
TheOtherSideofSuezBBCDocumentarymkv.mp4,,361,121
TheOtherSideofSuezBBCDocumentarymkv.mp4,,48516,121
TheOtherSideofSuezBBCDocumentarymkv.mp4,,88317,121
L4mwg_hZTlE.mp4,,33,121
L4mwg_hZTlE.mp4,,41,121
L4mwg_hZTlE.mp4,,6666,121
2BEdp6~qpMwVh4J9FWa4RQ__.mp4,,141,121
2BEdp6~qpMwVh4J9FWa4RQ__.mp4,,3021,121
2BEdp6~qpMwVh4J9FWa4RQ__.mp4,,5942,121
dvcfcP4ppwc.mp4,,517,121
dvcfcP4ppwc.mp4,,809,121
dvcfcP4ppwc.mp4,,8069,121
2281152709.mp4,,55,121
2281152709.mp4,,2164,121
2281152709.mp4,,3940,121
4563374909.mp4,,145,121
4563374909.mp4,,1813,121
4563374909.mp4,,3332,121
5457117709.mp4,,56,121
5457117709.mp4,,557,121
5457117709.mp4,,1127,121
2644932309.mp4,,55,121
2644932309.mp4,,1458,121
2644932309.mp4,,3068,121
2815084109.mp4,,11,121
2815084109.mp4,,1632,121
2815084109.mp4,,3221,121
bYZftM1YKc~utSQxU2OkZA__.mp4,,62,121
bYZftM1YKc~utSQxU2OkZA__.mp4,,582,121
bYZftM1YKc~utSQxU2OkZA__.mp4,,1520,121
3994815009.mp4,,45,121
3994815009.mp4,,1120,121
3994815009.mp4,,2184,121
Gf6oZJgqRcyN44nLNkiFzA__.mp4,,606,121
Gf6oZJgqRcyN44nLNkiFzA__.mp4,,1868,121
Gf6oZJgqRcyN44nLNkiFzA__.mp4,,3670,121
T7HHdA4fFR-L2316dJDDaw__.mp4,,355,121
T7HHdA4fFR-L2316dJDDaw__.mp4,,10947,121
T7HHdA4fFR-L2316dJDDaw__.mp4,,19370,121
2930238309.mp4,,38,121
2930238309.mp4,,2504,121
2930238309.mp4,,5560,121
5347593109.mp4,,523,121
5347593109.mp4,,2203,121
5347593109.mp4,,3694,121
LswYbulv8Ec.mp4,,1176,121
LswYbulv8Ec.mp4,,7513,121
LswYbulv8Ec.mp4,,9264,121
daTGYpS0eBtzqC9VZRBWIg__.mp4,,104,121
daTGYpS0eBtzqC9VZRBWIg__.mp4,,116,121
5165589509.mp4,,56,121
5165589509.mp4,,1320,121
5165589509.mp4,,2044,121
2824633009.mp4,,17,121
2824633009.mp4,,1440,121
2824633009.mp4,,5649,121
3246723609.mp4,,9,121
3246723609.mp4,,1529,121
3246723609.mp4,,2907,121
4622632609.mp4,,148,121
4622632609.mp4,,3351,121
4622632609.mp4,,6908,121
5167463009.mp4,,298,121
5167463009.mp4,,1389,121
5167463009.mp4,,3271,121
3175530109.mp4,,113,121
3175530109.mp4,,1211,121
3175530109.mp4,,2222,121
2555292109.mp4,,65,121
2555292109.mp4,,1940,121
2555292109.mp4,,4306,121
2782377309.mp4,,556,121
2782377309.mp4,,2237,121
2782377309.mp4,,4456,121
86YKlTsKXLM.mp4,,203,121
86YKlTsKXLM.mp4,,2891,121
86YKlTsKXLM.mp4,,6427,121
2365963709.mp4,,230,121
2365963709.mp4,,1782,121
2365963709.mp4,,2938,121
3799305109.mp4,,70,121
3799305109.mp4,,1810,121
3799305109.mp4,,4038,121
5262708809.mp4,,26,121
5262708809.mp4,,1274,121
5262708809.mp4,,2813,121
5zoUl6KK1SgKPx85aXXeQg__.mp4,,64,121
5zoUl6KK1SgKPx85aXXeQg__.mp4,,3270,121
5zoUl6KK1SgKPx85aXXeQg__.mp4,,3950,121
4977732109.mp4,,152,121
4977732109.mp4,,1099,121
4977732109.mp4,,1973,121
2262221009.mp4,,428,121
2262221009.mp4,,1950,121
2262221009.mp4,,3335,121
3027125309.mp4,,35,121
3027125309.mp4,,910,121
3027125309.mp4,,1823,121
3337571909.mp4,,43,121
3337571909.mp4,,843,121
3337571909.mp4,,2134,121
SH8l-zl1P9s.mp4,,185,121
SH8l-zl1P9s.mp4,,1538,121
SH8l-zl1P9s.mp4,,2789,121
3720656009.mp4,,362,121
3720656009.mp4,,2599,121
3720656009.mp4,,4958,121
3616184409.mp4,,300,121
3616184409.mp4,,1628,121
3616184409.mp4,,2843,121
ibUObV1jPPUuo9Cp89mbkA__.mp4,,219,121
ibUObV1jPPUuo9Cp89mbkA__.mp4,,916,121
ibUObV1jPPUuo9Cp89mbkA__.mp4,,1725,121
3260277709.mp4,,49,121
3260277709.mp4,,1009,121
3260277709.mp4,,1570,121
pPesqjnquF8CqJ9GCh944A__.mp4,,576,121
pPesqjnquF8CqJ9GCh944A__.mp4,,706,121
pPesqjnquF8CqJ9GCh944A__.mp4,,1773,121
4609579209.mp4,,30,121
4609579209.mp4,,2846,121
4609579209.mp4,,7057,121
4551224809.mp4,,284,121
4551224809.mp4,,567,121
4551224809.mp4,,1275,121
~CAeUmaDuNujwIkPBC~QJw__.mp4,,8,121
~CAeUmaDuNujwIkPBC~QJw__.mp4,,411,121
~CAeUmaDuNujwIkPBC~QJw__.mp4,,612,121
ShenzhenTheSiliconValleyofHardwareFullDocumentary_FutureCities_WIREDmkv.mp4,,36,121
ShenzhenTheSiliconValleyofHardwareFullDocumentary_FutureCities_WIREDmkv.mp4,,47993,121
ShenzhenTheSiliconValleyofHardwareFullDocumentary_FutureCities_WIREDmkv.mp4,,101464,121
3757219909.mp4,,22,121
3757219909.mp4,,1724,121
3757219909.mp4,,4795,121
4386076409.mp4,,36,121
4386076409.mp4,,2250,121
4386076409.mp4,,5041,121
Pts6_JJhpz4.mp4,,20,121
Pts6_JJhpz4.mp4,,3001,121
Pts6_JJhpz4.mp4,,4930,121
A0~i5RHprsrW-HvL0waHlw__.mp4,,121,121
A0~i5RHprsrW-HvL0waHlw__.mp4,,350,121
A0~i5RHprsrW-HvL0waHlw__.mp4,,510,121
5113102409.mp4,,243,121
5113102409.mp4,,1506,121
5113102409.mp4,,4057,121
2218628409.mp4,,343,121
2218628409.mp4,,2635,121
2218628409.mp4,,3841,121
2657718809.mp4,,154,121
2657718809.mp4,,2174,121
2657718809.mp4,,3985,121
4694744309.mp4,,7,121
4694744309.mp4,,2603,121
4694744309.mp4,,4919,121
2653776809.mp4,,56,121
2653776809.mp4,,1660,121
2653776809.mp4,,3038,121
2549666609.mp4,,899,121
2549666609.mp4,,1311,121
2549666609.mp4,,4917,121
2765987309.mp4,,20,121
2765987309.mp4,,1447,121
2765987309.mp4,,2482,121
2750088809.mp4,,108,121
2750088809.mp4,,1227,121
2750088809.mp4,,1829,121
cJemhigkIKE.mp4,,58,121
cJemhigkIKE.mp4,,1419,121
cJemhigkIKE.mp4,,3067,121
2647775809.mp4,,26,121
2647775809.mp4,,3077,121
2647775809.mp4,,6118,121
3376038509.mp4,,65,121
3376038509.mp4,,752,121
3376038509.mp4,,2197,121
TheJerseyShoreofEnglandDocumentarymkv.mp4,,192,121
TheJerseyShoreofEnglandDocumentarymkv.mp4,,41903,121
TheJerseyShoreofEnglandDocumentarymkv.mp4,,85891,121
N3wG1-Y~IBee3gFlVAGofQ__.mp4,,38,121
N3wG1-Y~IBee3gFlVAGofQ__.mp4,,438,121
N3wG1-Y~IBee3gFlVAGofQ__.mp4,,888,121
3245800309.mp4,,111,121
3245800309.mp4,,1824,121
3245800309.mp4,,4613,121
4XEJ300Onk4.mp4,,2641,121
4XEJ300Onk4.mp4,,2655,121
1OwMbx~UE46o1jObSON5uQ__.mp4,,242,121
2088312209.mp4,,35,121
2088312209.mp4,,2953,121
2088312209.mp4,,5278,121
2127502209.mp4,,400,121
2127502209.mp4,,2234,121
2127502209.mp4,,2920,121
UozKHj~NwwH~Vb9tffMvmA__.mp4,,12,121
UozKHj~NwwH~Vb9tffMvmA__.mp4,,1211,121
UozKHj~NwwH~Vb9tffMvmA__.mp4,,1242,121
4831474809.mp4,,21,121
4831474809.mp4,,728,121
4831474809.mp4,,1603,121
2630393509.mp4,,99,121
2630393509.mp4,,1272,121
2630393509.mp4,,3126,121
c_go_BWwVU0.mp4,,247,121
c_go_BWwVU0.mp4,,6060,121
c_go_BWwVU0.mp4,,11430,121
uw2WThVOxIKWKmrAzeU47w__.mp4,,240,121
uw2WThVOxIKWKmrAzeU47w__.mp4,,668,121
uw2WThVOxIKWKmrAzeU47w__.mp4,,1204,121
o~fEAdnwyaD8QiQRbjPnzg__.mp4,,645,121
1404088409.mp4,,85,121
1404088409.mp4,,1913,121
1404088409.mp4,,3786,121
hsYZDW2QZKrWGHQXdPCloA__.mp4,,10968,121
AmazingLifeMammothsofTheIceAgeDiscoveryDocumentary2015HDmkv.mp4,,89,121
AmazingLifeMammothsofTheIceAgeDiscoveryDocumentary2015HDmkv.mp4,,52921,121
AmazingLifeMammothsofTheIceAgeDiscoveryDocumentary2015HDmkv.mp4,,107769,121
USASerialkillerAllanLegere2017HDDocumentaryMustSeemkv.mp4,,34,121
USASerialkillerAllanLegere2017HDDocumentaryMustSeemkv.mp4,,28895,121
USASerialkillerAllanLegere2017HDDocumentaryMustSeemkv.mp4,,60646,121
4767977509.mp4,,143,121
4767977509.mp4,,2108,121
4767977509.mp4,,4857,121
2215325109.mp4,,22,121
2215325109.mp4,,562,121
2215325109.mp4,,2088,121
3546513709.mp4,,20,121
3546513709.mp4,,2153,121
3546513709.mp4,,4451,121
4641162209.mp4,,23,121
4641162209.mp4,,2099,121
4641162209.mp4,,5011,121
3859026809.mp4,,94,121
3859026809.mp4,,2051,121
3859026809.mp4,,3855,121
3603603909.mp4,,104,121
3603603909.mp4,,1635,121
3603603909.mp4,,2363,121
4iWV88fv4zU.mp4,,74,121
4iWV88fv4zU.mp4,,1874,121
4iWV88fv4zU.mp4,,4775,121
Qq18TAglYOI.mp4,,96,121
Qq18TAglYOI.mp4,,1535,121
Qq18TAglYOI.mp4,,4170,121
2221477609.mp4,,88,121
2221477609.mp4,,1471,121
2221477609.mp4,,2820,121
0cEe1hde8Oi2UeLinaz7UA__.mp4,,1,121
0cEe1hde8Oi2UeLinaz7UA__.mp4,,7530,121
0cEe1hde8Oi2UeLinaz7UA__.mp4,,18060,121
aQd4VarDEg0.mp4,,1614,121
aQd4VarDEg0.mp4,,3936,121
aQd4VarDEg0.mp4,,7902,121
ThemountainofMisteryNowinHighQualityFullDocumentarymkv.mp4,,122,121
ThemountainofMisteryNowinHighQualityFullDocumentarymkv.mp4,,40431,121
ThemountainofMisteryNowinHighQualityFullDocumentarymkv.mp4,,76709,121
a22Y8a6GuaCBboaXHxHAGg__.mp4,,13,121
a22Y8a6GuaCBboaXHxHAGg__.mp4,,2332,121
a22Y8a6GuaCBboaXHxHAGg__.mp4,,4821,121
3540068809.mp4,,11,121
3540068809.mp4,,3355,121
3540068809.mp4,,6861,121
apWhj62D7rJRyD~uLTnmRw__.mp4,,962,121
apWhj62D7rJRyD~uLTnmRw__.mp4,,1479,121
apWhj62D7rJRyD~uLTnmRw__.mp4,,3944,121
4949742309.mp4,,1,121
4949742309.mp4,,1963,121
4949742309.mp4,,4170,121
3278108709.mp4,,43,121
3278108709.mp4,,1120,121
3278108709.mp4,,2134,121
CZUtHH76ZAk.mp4,,128,121
CZUtHH76ZAk.mp4,,7070,121
CZUtHH76ZAk.mp4,,7194,121
3726917309.mp4,,19,121
3726917309.mp4,,1808,121
3726917309.mp4,,3192,121
EPg8dgaLgYdAELexfEeKnA__.mp4,,38,121
EPg8dgaLgYdAELexfEeKnA__.mp4,,2697,121
EPg8dgaLgYdAELexfEeKnA__.mp4,,5472,121
5433341009.mp4,,20,121
5433341009.mp4,,1088,121
5433341009.mp4,,1971,121
3734245909.mp4,,43,121
3734245909.mp4,,2438,121
3734245909.mp4,,4358,121
3971987209.mp4,,39,121
3971987209.mp4,,2531,121
3971987209.mp4,,4527,121
3971147009.mp4,,30,121
3971147009.mp4,,1912,121
3971147009.mp4,,4158,121
wSOFXgHVxB4wjgQ-93PZEw__.mp4,,68,121
wSOFXgHVxB4wjgQ-93PZEw__.mp4,,140,121
fJo04JScIvE.mp4,,2078,121
fJo04JScIvE.mp4,,3085,121
fJo04JScIvE.mp4,,3916,121
jqSVecimwHrFFXuDNeNUuA__.mp4,,31,121
jqSVecimwHrFFXuDNeNUuA__.mp4,,2698,121
jqSVecimwHrFFXuDNeNUuA__.mp4,,5311,121
2701198809.mp4,,14,121
2701198809.mp4,,534,121
2701198809.mp4,,2025,121
o43b3InG6A3q1iJs66j76Q__.mp4,,179,121
o43b3InG6A3q1iJs66j76Q__.mp4,,209,121
8rVzLMrXE6Y.mp4,,9124,121
8rVzLMrXE6Y.mp4,,9675,121
8rVzLMrXE6Y.mp4,,10120,121
2207851209.mp4,,3,121
2207851209.mp4,,1280,121
2207851209.mp4,,2731,121
KcXiJ6OTLeQ.mp4,,53,121
KcXiJ6OTLeQ.mp4,,1926,121
KcXiJ6OTLeQ.mp4,,4441,121
3ESnjYcISy0.mp4,,2543,121
3ESnjYcISy0.mp4,,7668,121
3ESnjYcISy0.mp4,,13819,121
ACertainKindOfDeathDocumentarymkv.mp4,,108,121
ACertainKindOfDeathDocumentarymkv.mp4,,52813,121
ACertainKindOfDeathDocumentarymkv.mp4,,96979,121
4789094309.mp4,,15,121
4789094309.mp4,,1263,121
4789094309.mp4,,2504,121
~zOhinavDDDKQQqLzBPABtUIFMV2Cgla.mp4,,22,121
~zOhinavDDDKQQqLzBPABtUIFMV2Cgla.mp4,,303,121
~zOhinavDDDKQQqLzBPABtUIFMV2Cgla.mp4,,636,121
3500842409.mp4,,40,121
3500842409.mp4,,1717,121
3500842409.mp4,,3496,121
sCjvKUxqFZE.mp4,,63,121
sCjvKUxqFZE.mp4,,1438,121
sCjvKUxqFZE.mp4,,3697,121
2978372209.mp4,,39,121
2978372209.mp4,,1225,121
2978372209.mp4,,2303,121
4471670309.mp4,,35,121
4471670309.mp4,,1597,121
4471670309.mp4,,2942,121
REzSRr-xNQWNPuqg879a0Q__.mp4,,497,121
REzSRr-xNQWNPuqg879a0Q__.mp4,,4319,121
REzSRr-xNQWNPuqg879a0Q__.mp4,,7199,121
2575244809.mp4,,88,121
2575244809.mp4,,1180,121
2575244809.mp4,,2375,121
MahgwGZq3D7oDvDpz0VpWw__.mp4,,56,121
4815676409.mp4,,17,121
4815676409.mp4,,730,121
4815676409.mp4,,1411,121
1092526309.mp4,,2095,121
1092526309.mp4,,4704,121
1092526309.mp4,,7194,121
3636318609.mp4,,305,121
3636318609.mp4,,1089,121
3636318609.mp4,,3635,121
3961693209.mp4,,4,121
3961693209.mp4,,1309,121
3961693209.mp4,,2853,121
5268204309.mp4,,154,121
5268204309.mp4,,1279,121
5268204309.mp4,,2184,121
dA8rr0mInefSOV4huQRtlA__.mp4,,604,121
dA8rr0mInefSOV4huQRtlA__.mp4,,1161,121
dA8rr0mInefSOV4huQRtlA__.mp4,,2507,121
4lbd8AY6tsc.mp4,,115,121
4lbd8AY6tsc.mp4,,3203,121
4lbd8AY6tsc.mp4,,3793,121
QNXOEoumkc2D~gypNcbUrw__.mp4,,4,121
QNXOEoumkc2D~gypNcbUrw__.mp4,,20,121
3088448109.mp4,,283,121
3088448109.mp4,,2159,121
3088448109.mp4,,4371,121
3533467609.mp4,,152,121
3533467609.mp4,,1703,121
3533467609.mp4,,3348,121
QIP7tUOSKqL1C36n80MOfQ__.mp4,,306,121
QIP7tUOSKqL1C36n80MOfQ__.mp4,,942,121
QIP7tUOSKqL1C36n80MOfQ__.mp4,,1628,121
pzIqvQCslV6N2MF9hPdNFg__.mp4,,52,121
7oMZ17gWdVA.mp4,,204,121
7oMZ17gWdVA.mp4,,3129,121
7oMZ17gWdVA.mp4,,6087,121
3537754509.mp4,,4,121
3537754509.mp4,,3485,121
3537754509.mp4,,5552,121
Kp3FLC3W13ehFRj6QV~GIg__.mp4,,15,121
Kp3FLC3W13ehFRj6QV~GIg__.mp4,,1360,121
Kp3FLC3W13ehFRj6QV~GIg__.mp4,,3763,121
swMTXEw7UQYERvZc1~DFNw__.mp4,,94,121
swMTXEw7UQYERvZc1~DFNw__.mp4,,365,121
5409820109.mp4,,771,121
5409820109.mp4,,1150,121
5409820109.mp4,,1547,121
5382525509.mp4,,12,121
5382525509.mp4,,646,121
5382525509.mp4,,1273,121
4765716509.mp4,,65,121
4765716509.mp4,,1725,121
4765716509.mp4,,3093,121
2494981309.mp4,,45,121
2494981309.mp4,,2400,121
2494981309.mp4,,4198,121
d0ECdGA5aqA.mp4,,149,121
d0ECdGA5aqA.mp4,,3551,121
d0ECdGA5aqA.mp4,,7300,121
6ZyP6vnaQzUPv~NWIl3Rls8H3y7gQljt.mp4,,63,121
6ZyP6vnaQzUPv~NWIl3Rls8H3y7gQljt.mp4,,480,121
3732899909.mp4,,239,121
3732899909.mp4,,1618,121
3732899909.mp4,,3565,121
documentary_34.mp4,,548,121
documentary_34.mp4,,53649,121
documentary_34.mp4,,133042,121
xCX5qXDbJsaBNXwiBzLV4Q__.mp4,,183,121
xCX5qXDbJsaBNXwiBzLV4Q__.mp4,,937,121
xCX5qXDbJsaBNXwiBzLV4Q__.mp4,,2373,121
AORYseNZ5oWgJiyZ11SFAw__.mp4,,7197,121
AORYseNZ5oWgJiyZ11SFAw__.mp4,,8303,121
AORYseNZ5oWgJiyZ11SFAw__.mp4,,8756,121
Yx7sVaPun54.mp4,,10041,121
-Ai-DaNBLYE.mp4,,295,121
-Ai-DaNBLYE.mp4,,1065,121
-Ai-DaNBLYE.mp4,,3830,121
CBdKLEYuZuQ4WJ7t1cQ8ZQ__.mp4,,7,121
CBdKLEYuZuQ4WJ7t1cQ8ZQ__.mp4,,1421,121
CBdKLEYuZuQ4WJ7t1cQ8ZQ__.mp4,,3597,121
3474644309.mp4,,4,121
3474644309.mp4,,770,121
3474644309.mp4,,1521,121
3928097309.mp4,,55,121
3928097309.mp4,,2047,121
3928097309.mp4,,3845,121
2634085509.mp4,,57,121
2634085509.mp4,,3266,121
2634085509.mp4,,6751,121
6G-XPzoXmEM.mp4,,9,121
6G-XPzoXmEM.mp4,,8526,121
6G-XPzoXmEM.mp4,,8704,121
2601657109.mp4,,375,121
2601657109.mp4,,3317,121
2601657109.mp4,,5083,121
3843913409.mp4,,302,121
3843913409.mp4,,2026,121
3843913409.mp4,,4030,121
2103626209.mp4,,64,121
2103626209.mp4,,1919,121
2103626209.mp4,,4242,121
2374926209.mp4,,3,121
2374926209.mp4,,1434,121
2374926209.mp4,,3883,121
5429142309.mp4,,22,121
5429142309.mp4,,1752,121
5429142309.mp4,,3582,121
XmlDgJRMjMo.mp4,,570,121
XmlDgJRMjMo.mp4,,720,121
kztlyAUh7XYiPXbtDArDQA__.mp4,,10,121
kztlyAUh7XYiPXbtDArDQA__.mp4,,200,121
kztlyAUh7XYiPXbtDArDQA__.mp4,,768,121
documentary_15.mp4,,19,121
documentary_15.mp4,,50694,121
documentary_15.mp4,,94358,121
RS8BgeFYsF9mr~MFg1iMMw__.mp4,,206,121
RS8BgeFYsF9mr~MFg1iMMw__.mp4,,1739,121
RS8BgeFYsF9mr~MFg1iMMw__.mp4,,3335,121
uvMIcdLbqOQVxauIiYz6Aw__.mp4,,102,121
uvMIcdLbqOQVxauIiYz6Aw__.mp4,,512,121
uvMIcdLbqOQVxauIiYz6Aw__.mp4,,623,121
2281537909.mp4,,46,121
2281537909.mp4,,1721,121
2281537909.mp4,,4295,121
2270398109.mp4,,573,121
2270398109.mp4,,611,121
2270398109.mp4,,642,121
2461409509.mp4,,23,121
2461409509.mp4,,464,121
2461409509.mp4,,703,121
2088137709.mp4,,22,121
2088137709.mp4,,1156,121
2088137709.mp4,,2195,121
2851279109.mp4,,26,121
2851279109.mp4,,1107,121
2851279109.mp4,,1859,121
JoJAVI9-7sBkLO2eOGylxJfa-1QW17dI.mp4,,163,121
4247727609.mp4,,112,121
4247727609.mp4,,997,121
4247727609.mp4,,1546,121
documentary_25.mp4,,18,121
documentary_25.mp4,,35216,121
documentary_25.mp4,,78189,121
3216460509.mp4,,40,121
3216460509.mp4,,5632,121
3216460509.mp4,,6806,121
5418828409.mp4,,8,121
5418828409.mp4,,3492,121
5418828409.mp4,,5751,121
5178127709.mp4,,167,121
5178127709.mp4,,2310,121
5178127709.mp4,,4020,121
2887343309.mp4,,351,121
2887343309.mp4,,3845,121
2887343309.mp4,,5956,121
2795068109.mp4,,2,121
2795068109.mp4,,843,121
2795068109.mp4,,1621,121
P3zH2Jr6LNw.mp4,,386,121
P3zH2Jr6LNw.mp4,,875,121
P3zH2Jr6LNw.mp4,,2672,121
2399719809.mp4,,53,121
2399719809.mp4,,3533,121
2399719809.mp4,,5474,121
apRVYV4tqQp~sLUgdyfuW8auXTE~sGUd.mp4,,20,121
apRVYV4tqQp~sLUgdyfuW8auXTE~sGUd.mp4,,476,121
apRVYV4tqQp~sLUgdyfuW8auXTE~sGUd.mp4,,1247,121
4682831609.mp4,,22,121
4682831609.mp4,,1519,121
4682831609.mp4,,4281,121
~v2jPo~SUeIpoZLtgBSBwg__.mp4,,288,121
~v2jPo~SUeIpoZLtgBSBwg__.mp4,,7762,121
~v2jPo~SUeIpoZLtgBSBwg__.mp4,,15612,121
5457099709.mp4,,27,121
5457099709.mp4,,3411,121
5457099709.mp4,,7043,121
Kkz05HsZ6tI.mp4,,141,121
Kkz05HsZ6tI.mp4,,13249,121
Kkz05HsZ6tI.mp4,,13868,121
2450260409.mp4,,462,121
2450260409.mp4,,878,121
4797879409.mp4,,48,121
4797879409.mp4,,1596,121
4797879409.mp4,,2725,121
IkgT~ew9A-Ffbx0QqwzKAQ__.mp4,,119,121
IkgT~ew9A-Ffbx0QqwzKAQ__.mp4,,179,121
IkgT~ew9A-Ffbx0QqwzKAQ__.mp4,,238,121
4538121309.mp4,,33,121
4538121309.mp4,,1998,121
4538121309.mp4,,3853,121
3063764709.mp4,,108,121
3063764709.mp4,,700,121
3063764709.mp4,,2716,121
PclwFT7dyI4.mp4,,74,121
PclwFT7dyI4.mp4,,3079,121
PclwFT7dyI4.mp4,,6762,121
RD3fSTQQQII.mp4,,9400,121
JcHj9xhBLpO7Lrc52b9AOw__.mp4,,15,121
JcHj9xhBLpO7Lrc52b9AOw__.mp4,,1132,121
JcHj9xhBLpO7Lrc52b9AOw__.mp4,,2597,121
5225946309.mp4,,77,121
5225946309.mp4,,1658,121
5225946309.mp4,,2855,121
DRBdQoVFwic.mp4,,91,121
DRBdQoVFwic.mp4,,3457,121
DRBdQoVFwic.mp4,,6937,121
8y72kRnEYDg.mp4,,39,121
8y72kRnEYDg.mp4,,2642,121
8y72kRnEYDg.mp4,,5475,121
5405982609.mp4,,19,121
5405982609.mp4,,4798,121
5405982609.mp4,,7290,121
5251704509.mp4,,66,121
5251704509.mp4,,1418,121
5251704509.mp4,,2800,121
2658400809.mp4,,29,121
2658400809.mp4,,2752,121
2658400809.mp4,,4713,121
2092853709.mp4,,255,121
2092853709.mp4,,2186,121
2092853709.mp4,,3446,121
5078602409.mp4,,66,121
5078602409.mp4,,3256,121
5078602409.mp4,,5821,121
6IIhWg2u8JtCtgvk8L3SAA__.mp4,,786,121
7EBkP5SMQQlHy9Jc67BsYg__.mp4,,2,121
7EBkP5SMQQlHy9Jc67BsYg__.mp4,,5255,121
7EBkP5SMQQlHy9Jc67BsYg__.mp4,,13187,121
3748163509.mp4,,10,121
3748163509.mp4,,556,121
3748163509.mp4,,1517,121
9R8OhS00rro.mp4,,863,121
9R8OhS00rro.mp4,,1097,121
9R8OhS00rro.mp4,,8042,121
0GZ9k04MRJ38RoXfhycPHQ__.mp4,,19,121
oi-5jdr7E4s.mp4,,963,121
oi-5jdr7E4s.mp4,,1711,121
3351626409.mp4,,80,121
3351626409.mp4,,1279,121
3351626409.mp4,,2491,121
4215209809.mp4,,16,121
4215209809.mp4,,1946,121
4215209809.mp4,,3679,121
4933166209.mp4,,115,121
4933166209.mp4,,565,121
4933166209.mp4,,1589,121
wd~E6YjqNboMNXV2LZznqg__.mp4,,75,121
wd~E6YjqNboMNXV2LZznqg__.mp4,,559,121
wd~E6YjqNboMNXV2LZznqg__.mp4,,1727,121
2612197209.mp4,,20,121
2612197209.mp4,,892,121
2612197209.mp4,,2633,121
-bhfwQlY97Z4DF1X2brmfOQf2lXoLxXZ.mp4,,317,121
-bhfwQlY97Z4DF1X2brmfOQf2lXoLxXZ.mp4,,6151,121
-bhfwQlY97Z4DF1X2brmfOQf2lXoLxXZ.mp4,,12519,121
3047719809.mp4,,78,121
3047719809.mp4,,592,121
3047719809.mp4,,3014,121
2428534109.mp4,,69,121
2428534109.mp4,,1108,121
2428534109.mp4,,2003,121
fZ0NFLz2cehPcP5UGCL6pw__.mp4,,420,121
fZ0NFLz2cehPcP5UGCL6pw__.mp4,,1330,121
fZ0NFLz2cehPcP5UGCL6pw__.mp4,,2265,121
3590421509.mp4,,22,121
3590421509.mp4,,1644,121
3590421509.mp4,,3406,121
Cqm4f3npJpo.mp4,,149,121
Cqm4f3npJpo.mp4,,7470,121
Cqm4f3npJpo.mp4,,14669,121
3887009309.mp4,,25,121
3887009309.mp4,,987,121
3887009309.mp4,,2907,121
2813309609.mp4,,109,121
2813309609.mp4,,1706,121
2813309609.mp4,,3482,121
2098167209.mp4,,176,121
2098167209.mp4,,2062,121
2098167209.mp4,,5711,121
2647597909.mp4,,10,121
2647597909.mp4,,1788,121
2647597909.mp4,,5266,121
2177859809.mp4,,531,121
2177859809.mp4,,2268,121
2177859809.mp4,,3082,121
7kcJ~9LmaiFTQ0fqIy7xkQ__.mp4,,23,121
7kcJ~9LmaiFTQ0fqIy7xkQ__.mp4,,2626,121
7kcJ~9LmaiFTQ0fqIy7xkQ__.mp4,,5618,121
4020247509.mp4,,10,121
4020247509.mp4,,732,121
4020247509.mp4,,1452,121
3857494409.mp4,,61,121
3857494409.mp4,,2788,121
3857494409.mp4,,5424,121
M65mmJWhDokPy6t5V-XfBg__.mp4,,15,121
M65mmJWhDokPy6t5V-XfBg__.mp4,,1359,121
M65mmJWhDokPy6t5V-XfBg__.mp4,,2054,121
i0Zku00BZwSgMhCM14zqXg__.mp4,,59,121
i0Zku00BZwSgMhCM14zqXg__.mp4,,306,121
i0Zku00BZwSgMhCM14zqXg__.mp4,,781,121
s3Yq9mcHRuXVbsUYhHfUpg__.mp4,,1382,121
s3Yq9mcHRuXVbsUYhHfUpg__.mp4,,3974,121
s3Yq9mcHRuXVbsUYhHfUpg__.mp4,,5753,121
96Eq-t7pwXSqsd3xW2Ylcg__.mp4,,53,121
96Eq-t7pwXSqsd3xW2Ylcg__.mp4,,3183,121
96Eq-t7pwXSqsd3xW2Ylcg__.mp4,,6016,121
4705315409.mp4,,115,121
4705315409.mp4,,1548,121
4705315409.mp4,,3284,121
4522222809.mp4,,17,121
4522222809.mp4,,1022,121
4522222809.mp4,,1891,121
FHAH4XehB280-9qfx481kw__.mp4,,32,121
FHAH4XehB280-9qfx481kw__.mp4,,211,121
FHAH4XehB280-9qfx481kw__.mp4,,359,121
2811119709.mp4,,456,121
2811119709.mp4,,3152,121
2811119709.mp4,,5643,121
2728780609.mp4,,154,121
2728780609.mp4,,1541,121
2728780609.mp4,,3280,121
3982775309.mp4,,80,121
3982775309.mp4,,2092,121
3982775309.mp4,,4105,121
3563203009.mp4,,3,121
3563203009.mp4,,4187,121
3563203009.mp4,,7288,121
2873307909.mp4,,32,121
2873307909.mp4,,2419,121
2873307909.mp4,,4282,121
WpDz-OlMKOE.mp4,,45,121
WpDz-OlMKOE.mp4,,2097,121
WpDz-OlMKOE.mp4,,5343,121
3512590809.mp4,,4,121
3512590809.mp4,,1167,121
3512590809.mp4,,3922,121
GDJmEZAvtwQ.mp4,,2314,121
GDJmEZAvtwQ.mp4,,2619,121
GDJmEZAvtwQ.mp4,,3644,121
3469195509.mp4,,183,121
3469195509.mp4,,2842,121
3469195509.mp4,,5392,121
4706147709.mp4,,15,121
4706147709.mp4,,812,121
4706147709.mp4,,1957,121
ZpBhIwImQok.mp4,,57,121
ZpBhIwImQok.mp4,,1394,121
ZpBhIwImQok.mp4,,3055,121
5177750609.mp4,,144,121
5177750609.mp4,,1548,121
5177750609.mp4,,2849,121
2567218009.mp4,,361,121
2567218009.mp4,,775,121
2567218009.mp4,,1906,121
2827605409.mp4,,41,121
2827605409.mp4,,1317,121
2827605409.mp4,,2810,121
P~QiJZXytrMOHUvAfQ78dcLkSMWWCmzp.mp4,,166,121
P~QiJZXytrMOHUvAfQ78dcLkSMWWCmzp.mp4,,297,121
3582615309.mp4,,30,121
3582615309.mp4,,2857,121
3582615309.mp4,,4121,121
Cr-fkiTUTDJGZQKyECOctw__.mp4,,3061,121
Cr-fkiTUTDJGZQKyECOctw__.mp4,,3063,121
ABsoPmcqkqZt4X~Dur8LHg__.mp4,,749,121
3544080309.mp4,,38,121
3544080309.mp4,,926,121
3544080309.mp4,,1469,121
4jx3e4vIoDDC3il~igSy0Q__.mp4,,59,121
4jx3e4vIoDDC3il~igSy0Q__.mp4,,1139,121
4jx3e4vIoDDC3il~igSy0Q__.mp4,,4681,121
5287838809.mp4,,16,121
5287838809.mp4,,457,121
5287838809.mp4,,1609,121
yP8InFU-oZgBT4Q9Js5tTg__.mp4,,114,121
yP8InFU-oZgBT4Q9Js5tTg__.mp4,,2588,121
yP8InFU-oZgBT4Q9Js5tTg__.mp4,,4348,121
3029897009.mp4,,107,121
3029897009.mp4,,1175,121
3029897009.mp4,,2013,121
3440120209.mp4,,93,121
3440120209.mp4,,3675,121
3440120209.mp4,,7260,121
documentary_23.mp4,,77,121
documentary_23.mp4,,64755,121
documentary_23.mp4,,152477,121
5463488109.mp4,,111,121
5463488109.mp4,,1510,121
5463488109.mp4,,2964,121
5205808409.mp4,,29,121
5205808409.mp4,,1114,121
5205808409.mp4,,2055,121
2072475609.mp4,,81,121
2072475609.mp4,,2471,121
2072475609.mp4,,5402,121
V0SC_ab4Ns0.mp4,,100,121
V0SC_ab4Ns0.mp4,,1774,121
V0SC_ab4Ns0.mp4,,2007,121
qMu8yAgCfZE.mp4,,31,121
qMu8yAgCfZE.mp4,,2376,121
qMu8yAgCfZE.mp4,,5131,121
3AFQftWqF-k.mp4,,52,121
3AFQftWqF-k.mp4,,9581,121
3AFQftWqF-k.mp4,,9777,121
WdH5Qmde5-slQE-t7iA1r5hxaqSZO9mh.mp4,,33,121
WdH5Qmde5-slQE-t7iA1r5hxaqSZO9mh.mp4,,438,121
WdH5Qmde5-slQE-t7iA1r5hxaqSZO9mh.mp4,,724,121
2524316809.mp4,,49,121
2524316809.mp4,,1412,121
2524316809.mp4,,2826,121
AaKiQ1_hi9g.mp4,,2193,121
AaKiQ1_hi9g.mp4,,9238,121
AaKiQ1_hi9g.mp4,,9780,121
6jYP5md5CAnLszKS0~0zBg__.mp4,,191,121
6jYP5md5CAnLszKS0~0zBg__.mp4,,425,121
tAEiDvKzCRM.mp4,,83,121
tAEiDvKzCRM.mp4,,216,121
tAEiDvKzCRM.mp4,,7433,121
2658968109.mp4,,95,121
2658968109.mp4,,981,121
2658968109.mp4,,2414,121
2215562709.mp4,,136,121
2215562709.mp4,,1096,121
2215562709.mp4,,2486,121
1eZzaXPtrLo.mp4,,125,121
1eZzaXPtrLo.mp4,,7736,121
2616578709.mp4,,140,121
2616578709.mp4,,2307,121
2616578709.mp4,,4218,121
EcSVIPa3KH~hqsjs6~HP8A__.mp4,,71,121
EcSVIPa3KH~hqsjs6~HP8A__.mp4,,1231,121
EcSVIPa3KH~hqsjs6~HP8A__.mp4,,2471,121
srwXtrVXsA24B5NXE9UuYw__.mp4,,32,121
srwXtrVXsA24B5NXE9UuYw__.mp4,,377,121
srwXtrVXsA24B5NXE9UuYw__.mp4,,452,121
u0fo4WRaaZ0.mp4,,4179,121
u0fo4WRaaZ0.mp4,,6920,121
u0fo4WRaaZ0.mp4,,9280,121
documentary_19.mp4,,424,121
documentary_19.mp4,,46931,121
documentary_19.mp4,,99137,121
3094923309.mp4,,290,121
3094923309.mp4,,2485,121
3094923309.mp4,,4104,121
4117724309.mp4,,73,121
4117724309.mp4,,3216,121
4117724309.mp4,,7071,121
vfC6OCXpx7sckl0-0A1Z9kJRNPr9gIXe.mp4,,42,121
vfC6OCXpx7sckl0-0A1Z9kJRNPr9gIXe.mp4,,2368,121
vfC6OCXpx7sckl0-0A1Z9kJRNPr9gIXe.mp4,,4945,121
2335865609.mp4,,31,121
2335865609.mp4,,3967,121
2335865609.mp4,,7272,121
p_OU8Gd4rL0.mp4,,140,121
p_OU8Gd4rL0.mp4,,2331,121
p_OU8Gd4rL0.mp4,,3738,121
3438508109.mp4,,343,121
3438508109.mp4,,2856,121
3438508109.mp4,,5638,121
81lM10fLa5xbnyBN5PftDA__.mp4,,322,121
81lM10fLa5xbnyBN5PftDA__.mp4,,1015,121
81lM10fLa5xbnyBN5PftDA__.mp4,,1640,121
5215428109.mp4,,41,121
5215428109.mp4,,1812,121
5215428109.mp4,,3180,121
9gTvWWIELAzjQQCqSWyWpQ__.mp4,,225,121
3321245709.mp4,,89,121
3321245709.mp4,,823,121
3321245709.mp4,,1855,121
BK2F4I4zPJ3jYN4wRJbyTw__.mp4,,5,121
BK2F4I4zPJ3jYN4wRJbyTw__.mp4,,100,121
BK2F4I4zPJ3jYN4wRJbyTw__.mp4,,239,121
CnqabaZSbbs.mp4,,36,121
CnqabaZSbbs.mp4,,4798,121
CnqabaZSbbs.mp4,,10668,121
cmZA8BIVKpE.mp4,,76,121
cmZA8BIVKpE.mp4,,933,121
cmZA8BIVKpE.mp4,,3178,121
IAmStreetFighter25thAnniversaryDocumentarymkv.mp4,,229,121
IAmStreetFighter25thAnniversaryDocumentarymkv.mp4,,107912,121
IAmStreetFighter25thAnniversaryDocumentarymkv.mp4,,256052,121
2822618709.mp4,,89,121
2822618709.mp4,,3308,121
2822618709.mp4,,5250,121
MultiplePersonalityDisorderDocumentarymkv.mp4,,53,121
MultiplePersonalityDisorderDocumentarymkv.mp4,,49206,121
MultiplePersonalityDisorderDocumentarymkv.mp4,,102498,121
4865348909.mp4,,20,121
4865348909.mp4,,3135,121
4865348909.mp4,,6595,121
GenocideWorseThanWar_Fulllengthdocumentary_PBSmkv.mp4,,26,121
GenocideWorseThanWar_Fulllengthdocumentary_PBSmkv.mp4,,101783,121
GenocideWorseThanWar_Fulllengthdocumentary_PBSmkv.mp4,,205336,121
5421370809.mp4,,66,121
5421370809.mp4,,2644,121
5421370809.mp4,,5804,121
2640489409.mp4,,161,121
2640489409.mp4,,1616,121
2640489409.mp4,,3004,121
4BHpOyMbiwCvFhIGBf8CLw__.mp4,,624,121
4BHpOyMbiwCvFhIGBf8CLw__.mp4,,1972,121
4BHpOyMbiwCvFhIGBf8CLw__.mp4,,3028,121
5436281809.mp4,,15,121
5436281809.mp4,,2210,121
5436281809.mp4,,4424,121
gQY0YbFjoXctbATX55YH4oqv4pCznWT-.mp4,,113,121
gQY0YbFjoXctbATX55YH4oqv4pCznWT-.mp4,,2686,121
gQY0YbFjoXctbATX55YH4oqv4pCznWT-.mp4,,4344,121
2215235009.mp4,,7,121
2215235009.mp4,,671,121
2215235009.mp4,,1491,121
2181633009.mp4,,185,121
2181633009.mp4,,1046,121
2181633009.mp4,,1722,121
4466962509.mp4,,221,121
5090229009.mp4,,44,121
5090229009.mp4,,3645,121
5090229009.mp4,,6334,121
2509238509.mp4,,167,121
2509238509.mp4,,4064,121
2509238509.mp4,,7191,121
8tU07tNurFDcteWRgZD9ig__.mp4,,20,121
8tU07tNurFDcteWRgZD9ig__.mp4,,2655,121
8tU07tNurFDcteWRgZD9ig__.mp4,,5117,121
GsXhESwvYh9W02vQ522uow__.mp4,,93,121
GsXhESwvYh9W02vQ522uow__.mp4,,431,121
GsXhESwvYh9W02vQ522uow__.mp4,,1309,121
2845474009.mp4,,61,121
2845474009.mp4,,1521,121
2845474009.mp4,,3373,121
3077503509.mp4,,23,121
3077503509.mp4,,778,121
3077503509.mp4,,1520,121
5_wKyKGwBmI.mp4,,1027,121
5_wKyKGwBmI.mp4,,3262,121
5_wKyKGwBmI.mp4,,6324,121
2579192209.mp4,,36,121
2579192209.mp4,,1672,121
2579192209.mp4,,2688,121
3755372009.mp4,,183,121
3755372009.mp4,,1309,121
3755372009.mp4,,1595,121
7nqLhyqjgL1D90QOEKqlbQ__.mp4,,41,121
7nqLhyqjgL1D90QOEKqlbQ__.mp4,,2342,121
7nqLhyqjgL1D90QOEKqlbQ__.mp4,,3578,121
8UMk-yqQnXA.mp4,,4015,121
9HYz-g6yHf0.mp4,,6854,121
2286290209.mp4,,24,121
2286290209.mp4,,1528,121
2286290209.mp4,,2513,121
qQ-Mpb85m9VDgqzxFEJcKw__.mp4,,38,121
qQ-Mpb85m9VDgqzxFEJcKw__.mp4,,2718,121
qQ-Mpb85m9VDgqzxFEJcKw__.mp4,,5472,121
5410974109.mp4,,14,121
5410974109.mp4,,682,121
5410974109.mp4,,1207,121
2812477709.mp4,,237,121
2812477709.mp4,,2430,121
2812477709.mp4,,4732,121
documentary_0.mp4,,395,121
documentary_0.mp4,,40784,121
documentary_0.mp4,,73683,121
3437302709.mp4,,97,121
3437302709.mp4,,1433,121
3437302709.mp4,,4311,121
4429560909.mp4,,218,121
4429560909.mp4,,1798,121
4429560909.mp4,,2511,121
hYEQt4Mls3qrvbDNV-pvBA__.mp4,,426,121
hYEQt4Mls3qrvbDNV-pvBA__.mp4,,2646,121
hYEQt4Mls3qrvbDNV-pvBA__.mp4,,4236,121
mqDwlI-cpxk.mp4,,6493,121
mqDwlI-cpxk.mp4,,7576,121
mqDwlI-cpxk.mp4,,7849,121
3426545509.mp4,,90,121
3426545509.mp4,,1151,121
3426545509.mp4,,2090,121
Wg6CplFYsxjL4UgBynUetw__.mp4,,353,121
Wg6CplFYsxjL4UgBynUetw__.mp4,,732,121
Wg6CplFYsxjL4UgBynUetw__.mp4,,1600,121
fyeWqdiFUwNbzTTgISSkJA__.mp4,,279,121
fyeWqdiFUwNbzTTgISSkJA__.mp4,,785,121
fyeWqdiFUwNbzTTgISSkJA__.mp4,,1461,121
WBSRzbCZJK1hLIvePYvSXw__.mp4,,72,121
WBSRzbCZJK1hLIvePYvSXw__.mp4,,83,121
WBSRzbCZJK1hLIvePYvSXw__.mp4,,116,121
2401696809.mp4,,77,121
2401696809.mp4,,4073,121
2401696809.mp4,,7249,121
5468611609.mp4,,4,121
5468611609.mp4,,1356,121
5468611609.mp4,,3624,121
2112614709.mp4,,47,121
2112614709.mp4,,1592,121
2112614709.mp4,,2766,121
3976315709.mp4,,19,121
3976315709.mp4,,2112,121
3976315709.mp4,,3548,121
VC2DRdQqy2s6CcsXScjRCw__.mp4,,100,121
VC2DRdQqy2s6CcsXScjRCw__.mp4,,642,121
VC2DRdQqy2s6CcsXScjRCw__.mp4,,1570,121
eBO_dpq9WPo.mp4,,17,121
eBO_dpq9WPo.mp4,,340,121
eBO_dpq9WPo.mp4,,3175,121
Qxkl2RnXYTw.mp4,,48,121
Qxkl2RnXYTw.mp4,,3126,121
Qxkl2RnXYTw.mp4,,6251,121
documentary_4.mp4,,22,121
documentary_4.mp4,,34851,121
documentary_4.mp4,,70201,121
6Su-RV2XMT4l5w3cIkGVDw__.mp4,,73,121
6Su-RV2XMT4l5w3cIkGVDw__.mp4,,208,121
6Su-RV2XMT4l5w3cIkGVDw__.mp4,,412,121
fz-LrfXpSqBRZjDFdcVB5w__.mp4,,534,121
4553295509.mp4,,110,121
4553295509.mp4,,954,121
4553295509.mp4,,3553,121
2216432009.mp4,,23,121
2216432009.mp4,,762,121
2216432009.mp4,,1298,121
2726744409.mp4,,14,121
2726744409.mp4,,1945,121
2726744409.mp4,,4080,121
5172806309.mp4,,69,121
5172806309.mp4,,2989,121
5172806309.mp4,,5870,121
3746699009.mp4,,61,121
3746699009.mp4,,609,121
3746699009.mp4,,817,121
CGvx49JO2rYKXnoOoCNRsA__.mp4,,15,121
CGvx49JO2rYKXnoOoCNRsA__.mp4,,1089,121
CGvx49JO2rYKXnoOoCNRsA__.mp4,,1771,121
zxBj~BjhXbvPrrzabcev2Q__.mp4,,24,121
3728314709.mp4,,25,121
3728314709.mp4,,2635,121
3728314709.mp4,,5178,121
4683501009.mp4,,16,121
4683501009.mp4,,761,121
4683501009.mp4,,1594,121
4937741509.mp4,,12,121
4937741509.mp4,,976,121
4937741509.mp4,,1634,121
2824248809.mp4,,201,121
2824248809.mp4,,458,121
2824248809.mp4,,791,121
5292188809.mp4,,24,121
5292188809.mp4,,1184,121
5292188809.mp4,,2504,121
4688682709.mp4,,31,121
4688682709.mp4,,2305,121
4688682709.mp4,,4136,121
PTfEDilH7e4.mp4,,508,121
PTfEDilH7e4.mp4,,2865,121
QQHYrzU31T4XF1mvTSEu2w__.mp4,,99,121
QQHYrzU31T4XF1mvTSEu2w__.mp4,,10032,121
QQHYrzU31T4XF1mvTSEu2w__.mp4,,19512,121
4978311209.mp4,,136,121
4978311209.mp4,,1317,121
4978311209.mp4,,3165,121
-2fO7xQpbWI~oB8nRBteHO1Qqf4Rjmvg.mp4,,374,121
-2fO7xQpbWI~oB8nRBteHO1Qqf4Rjmvg.mp4,,2899,121
-2fO7xQpbWI~oB8nRBteHO1Qqf4Rjmvg.mp4,,12143,121
5401734509.mp4,,166,121
5401734509.mp4,,2563,121
5401734509.mp4,,6293,121
IkteMV8oy3z48FJ6dw6AkoJ-4YxSkrRs.mp4,,740,121
IkteMV8oy3z48FJ6dw6AkoJ-4YxSkrRs.mp4,,2106,121
IkteMV8oy3z48FJ6dw6AkoJ-4YxSkrRs.mp4,,2712,121
2932248809.mp4,,333,121
2932248809.mp4,,630,121
2932248809.mp4,,1438,121
2696109209.mp4,,61,121
2696109209.mp4,,1440,121
2696109209.mp4,,2476,121
RvVUgmlrzHg.mp4,,133,121
RvVUgmlrzHg.mp4,,2473,121
RvVUgmlrzHg.mp4,,6631,121
WorldofWarcraftLookingforGroupDocumentarymkv.mp4,,167,121
WorldofWarcraftLookingforGroupDocumentarymkv.mp4,,50257,121
WorldofWarcraftLookingforGroupDocumentarymkv.mp4,,110927,121
lsaqiBxiEGs0s-qGT3RnNQ__.mp4,,61,121
lsaqiBxiEGs0s-qGT3RnNQ__.mp4,,91,121
2136996609.mp4,,78,121
2136996609.mp4,,3327,121
2136996609.mp4,,6748,121
2722663409.mp4,,355,121
2722663409.mp4,,3582,121
2722663409.mp4,,7191,121
q0jxt5CEyzM.mp4,,482,121
q0jxt5CEyzM.mp4,,2868,121
5118048209.mp4,,79,121
5118048209.mp4,,2280,121
5118048209.mp4,,3881,121
Y0U94TPxZ0Gn~uN1kmNEUeihysEjQrfo.mp4,,325,121
Y0U94TPxZ0Gn~uN1kmNEUeihysEjQrfo.mp4,,711,121
Y0U94TPxZ0Gn~uN1kmNEUeihysEjQrfo.mp4,,1766,121
2653036709.mp4,,26,121
2653036709.mp4,,1841,121
2653036709.mp4,,3943,121
Vfbl~qxMSsorgKo2lUT~cQ__.mp4,,32,121
2709675609.mp4,,43,121
2709675609.mp4,,427,121
2709675609.mp4,,847,121
4055269009.mp4,,90,121
4055269009.mp4,,1024,121
4055269009.mp4,,1629,121
VRU~pNlFA2EXVabfHmNdjQ__.mp4,,139,121
VRU~pNlFA2EXVabfHmNdjQ__.mp4,,860,121
VRU~pNlFA2EXVabfHmNdjQ__.mp4,,1666,121
5223096009.mp4,,43,121
5223096009.mp4,,1133,121
5223096009.mp4,,2974,121
2678052009.mp4,,136,121
2678052009.mp4,,4808,121
2678052009.mp4,,6982,121
DPEd66TNQd4.mp4,,68,121
DPEd66TNQd4.mp4,,144,121
DPEd66TNQd4.mp4,,1733,121
5357305909.mp4,,127,121
5357305909.mp4,,806,121
5357305909.mp4,,1455,121
2652911009.mp4,,316,121
2652911009.mp4,,3572,121
2652911009.mp4,,6831,121
E7Vqp9fhtpQ92JqNvI9MWw__.mp4,,66,121
E7Vqp9fhtpQ92JqNvI9MWw__.mp4,,648,121
E7Vqp9fhtpQ92JqNvI9MWw__.mp4,,1298,121
2zYD-PcUZoo.mp4,,101,121
2zYD-PcUZoo.mp4,,3006,121
uKSc_l2OTpo.mp4,,5798,121
uKSc_l2OTpo.mp4,,6988,121
tpUphzG~lYoC2Gt5lGws-dLhkwcNFEkE.mp4,,809,121
tpUphzG~lYoC2Gt5lGws-dLhkwcNFEkE.mp4,,2306,121
3606795209.mp4,,457,121
3606795209.mp4,,2500,121
3606795209.mp4,,4296,121
3348003009.mp4,,743,121
3348003009.mp4,,1145,121
3348003009.mp4,,2302,121
EnZHb8YspkoBz8OKG1t6PA__.mp4,,404,121
DPCQMuKs~mISeDfL.mp4,,53,121
DPCQMuKs~mISeDfL.mp4,,348,121
DPCQMuKs~mISeDfL.mp4,,805,121
D4Zcl1yj-Tk.mp4,,95,121
D4Zcl1yj-Tk.mp4,,1499,121
D4Zcl1yj-Tk.mp4,,3063,121
3556354609.mp4,,2430,121
2638921409.mp4,,11,121
2638921409.mp4,,2245,121
2638921409.mp4,,5117,121
B8F3KsJY8R0thDgsB20UTxlQ9s6gVe-z.mp4,,2655,121
2338861909.mp4,,5671,121
3947630809.mp4,,551,121
3947630809.mp4,,1176,121
3947630809.mp4,,2216,121
2900740109.mp4,,13,121
2900740109.mp4,,2135,121
2900740109.mp4,,4380,121
~VjRBdyL9vubYEksFGuqmA__.mp4,,230,121
~VjRBdyL9vubYEksFGuqmA__.mp4,,343,121
~VjRBdyL9vubYEksFGuqmA__.mp4,,468,121
3611804709.mp4,,70,121
3611804709.mp4,,2516,121
3611804709.mp4,,4466,121
2706462009.mp4,,34,121
2706462009.mp4,,1396,121
2706462009.mp4,,2550,121
3348422709.mp4,,28,121
3348422709.mp4,,750,121
3348422709.mp4,,1792,121
2194819509.mp4,,1008,121
4242865909.mp4,,76,121
4242865909.mp4,,1518,121
4242865909.mp4,,3244,121
MwB3JaVL-SQ.mp4,,118,121
MwB3JaVL-SQ.mp4,,3823,121
4770090509.mp4,,20,121
4770090509.mp4,,1237,121
4770090509.mp4,,2531,121
2762734609.mp4,,186,121
dX4R7HKPf5U.mp4,,665,121
dX4R7HKPf5U.mp4,,4341,121
dX4R7HKPf5U.mp4,,9234,121
wfPtdrXrHOo.mp4,,125,121
wfPtdrXrHOo.mp4,,3546,121
wfPtdrXrHOo.mp4,,5358,121
sbwZ3IsgKJw.mp4,,295,121
sbwZ3IsgKJw.mp4,,521,121
sbwZ3IsgKJw.mp4,,12097,121
5144243009.mp4,,362,121
5144243009.mp4,,3685,121
5144243009.mp4,,6670,121
4232204809.mp4,,496,121
4232204809.mp4,,4273,121
4232204809.mp4,,8055,121
4957964409.mp4,,79,121
4957964409.mp4,,1003,121
4957964409.mp4,,1638,121
3969997109.mp4,,176,121
3969997109.mp4,,4940,121
3969997109.mp4,,8660,121
3041762909.mp4,,36,121
3041762909.mp4,,1206,121
3041762909.mp4,,1862,121
3673070009.mp4,,21,121
3673070009.mp4,,1802,121
3673070009.mp4,,2954,121
3558673209.mp4,,25,121
3558673209.mp4,,1782,121
3558673209.mp4,,2861,121
4629013809.mp4,,309,121
4629013809.mp4,,1080,121
4629013809.mp4,,2271,121
3986991009.mp4,,123,121
3986991009.mp4,,4587,121
3986991009.mp4,,8826,121
~JbanDIeUUZQvfdqSqBDkA__.mp4,,55,121
~JbanDIeUUZQvfdqSqBDkA__.mp4,,358,121
~JbanDIeUUZQvfdqSqBDkA__.mp4,,735,121
4682829609.mp4,,6,121
4682829609.mp4,,1589,121
4682829609.mp4,,3668,121
5423099209.mp4,,6,121
5423099209.mp4,,922,121
5423099209.mp4,,1732,121
4011631809.mp4,,66,121
4011631809.mp4,,2364,121
4011631809.mp4,,4380,121
ujoSsUrM0ivi28-65~l5rA9VyJ5tEkws.mp4,,153,121
ujoSsUrM0ivi28-65~l5rA9VyJ5tEkws.mp4,,2281,121
ujoSsUrM0ivi28-65~l5rA9VyJ5tEkws.mp4,,3845,121
XaShRu1BRJJhlvG0XlREl5~Z5OM_.mp4,,19,121
XaShRu1BRJJhlvG0XlREl5~Z5OM_.mp4,,3830,121
XaShRu1BRJJhlvG0XlREl5~Z5OM_.mp4,,7736,121
Pw9qX0-zeENVpthIaifp4w__.mp4,,21,121
Pw9qX0-zeENVpthIaifp4w__.mp4,,5388,121
Pw9qX0-zeENVpthIaifp4w__.mp4,,12243,121
2819759809.mp4,,81,121
2819759809.mp4,,2315,121
2819759809.mp4,,4825,121
3873721509.mp4,,301,121
3873721509.mp4,,3335,121
3873721509.mp4,,5379,121
MK9qYwhcfwK6B1LukzDkWA__.mp4,,3,121
MK9qYwhcfwK6B1LukzDkWA__.mp4,,2095,121
MK9qYwhcfwK6B1LukzDkWA__.mp4,,4058,121
3586136709.mp4,,10,121
3586136709.mp4,,2529,121
3586136709.mp4,,4952,121
QkEqUwx6Hu0.mp4,,150,121
QkEqUwx6Hu0.mp4,,1642,121
QkEqUwx6Hu0.mp4,,3314,121
UzRlEdewt6s.mp4,,53,121
UzRlEdewt6s.mp4,,4618,121
3469213509.mp4,,45,121
3469213509.mp4,,1120,121
3469213509.mp4,,2184,121
3526193809.mp4,,17,121
3526193809.mp4,,1237,121
3526193809.mp4,,2070,121
4935423409.mp4,,51,121
4935423409.mp4,,1313,121
4935423409.mp4,,2622,121
OUILexxMT8YhA3LChLKMogH31BGQBFG2.mp4,,119,121
OUILexxMT8YhA3LChLKMogH31BGQBFG2.mp4,,2863,121
OUILexxMT8YhA3LChLKMogH31BGQBFG2.mp4,,4872,121
AN5UYQXsQXLqO0UUYDklpw__.mp4,,8,121
AN5UYQXsQXLqO0UUYDklpw__.mp4,,239,121
AN5UYQXsQXLqO0UUYDklpw__.mp4,,508,121
kt7oiZ3ZbWFxBSeUcCTp8wG9lP0jq3Sg.mp4,,28,121
kt7oiZ3ZbWFxBSeUcCTp8wG9lP0jq3Sg.mp4,,2639,121
kt7oiZ3ZbWFxBSeUcCTp8wG9lP0jq3Sg.mp4,,4613,121
vfFH8sIj45Rp7ErN3ntOOw__.mp4,,29,121
vfFH8sIj45Rp7ErN3ntOOw__.mp4,,355,121
vfFH8sIj45Rp7ErN3ntOOw__.mp4,,715,121
3zei5bJP6_s.mp4,,169,121
3zei5bJP6_s.mp4,,3929,121
~QHFErjNlotzwyDcmzepog__.mp4,,90,121
~QHFErjNlotzwyDcmzepog__.mp4,,156,121
jJwEQmUnJJgrneXB3a7XJQ__.mp4,,403,121
jJwEQmUnJJgrneXB3a7XJQ__.mp4,,1455,121
jJwEQmUnJJgrneXB3a7XJQ__.mp4,,1951,121
5063678509.mp4,,28,121
5063678509.mp4,,903,121
5063678509.mp4,,2862,121
2831134009.mp4,,8,121
2831134009.mp4,,3350,121
2831134009.mp4,,6417,121
-YOYNHLZqQ0.mp4,,532,121
-YOYNHLZqQ0.mp4,,8011,121
BbsEdqH7kWdRjgNfZKBkmw__.mp4,,61,121
BbsEdqH7kWdRjgNfZKBkmw__.mp4,,1594,121
BbsEdqH7kWdRjgNfZKBkmw__.mp4,,4148,121
x1D2L3b30sk.mp4,,340,121
x1D2L3b30sk.mp4,,1496,121
x1D2L3b30sk.mp4,,2531,121
2283146109.mp4,,73,121
2283146109.mp4,,1271,121
2283146109.mp4,,2304,121
9_sWgIWWLLM.mp4,,4,121
9_sWgIWWLLM.mp4,,1264,121
9_sWgIWWLLM.mp4,,3133,121
4272944609.mp4,,16,121
4272944609.mp4,,1656,121
4272944609.mp4,,7256,121
VMX6fvAxIzs.mp4,,159,121
VMX6fvAxIzs.mp4,,2190,121
VMX6fvAxIzs.mp4,,7061,121
~b4mYXfQZlCqnNaq2vcZmQ__.mp4,,54,121
NxED8ViVGhGpAsdFa5kRqg__.mp4,,86,121
NxED8ViVGhGpAsdFa5kRqg__.mp4,,4550,121
NxED8ViVGhGpAsdFa5kRqg__.mp4,,10830,121
84g2Im1WiHE.mp4,,228,121
84g2Im1WiHE.mp4,,1398,121
84g2Im1WiHE.mp4,,2239,121
5459952709.mp4,,66,121
5459952709.mp4,,2859,121
5459952709.mp4,,5884,121
2726322709.mp4,,258,121
2726322709.mp4,,1672,121
2726322709.mp4,,2644,121
38oQhMZT6Eo.mp4,,5225,121
38oQhMZT6Eo.mp4,,7818,121
2215133809.mp4,,11,121
2215133809.mp4,,2076,121
2215133809.mp4,,3315,121
pCsc1oq1Ckh5LTqJsy3Idg__.mp4,,633,121
pCsc1oq1Ckh5LTqJsy3Idg__.mp4,,3544,121
pCsc1oq1Ckh5LTqJsy3Idg__.mp4,,6431,121
3702044609.mp4,,35,121
3702044609.mp4,,1414,121
3702044609.mp4,,3913,121
3249541009.mp4,,7,121
3249541009.mp4,,5599,121
3249541009.mp4,,6773,121
ySEc-FGWPm-P-ajPv7J~0g__.mp4,,1109,121
ySEc-FGWPm-P-ajPv7J~0g__.mp4,,3021,121
ySEc-FGWPm-P-ajPv7J~0g__.mp4,,3144,121
4009125509.mp4,,13,121
4009125509.mp4,,1224,121
4009125509.mp4,,2552,121
iSBow1RumVE.mp4,,389,121
iSBow1RumVE.mp4,,1962,121
iSBow1RumVE.mp4,,3252,121
4676877109.mp4,,61,121
4676877109.mp4,,910,121
4676877109.mp4,,1928,121
4784024109.mp4,,6,121
4784024109.mp4,,1571,121
4784024109.mp4,,2994,121
4330618309.mp4,,1,121
4330618309.mp4,,1265,121
4330618309.mp4,,2574,121
3568118609.mp4,,18,121
3568118609.mp4,,1748,121
3568118609.mp4,,4243,121
E~NzPOTEHsIiSUPJya~6FA__.mp4,,13,121
E~NzPOTEHsIiSUPJya~6FA__.mp4,,39,121
5109703109.mp4,,56,121
5109703109.mp4,,2452,121
5109703109.mp4,,4367,121
2424220509.mp4,,93,121
2424220509.mp4,,1301,121
2424220509.mp4,,2681,121
73D7sxnlBlG~rXWTsl~LT0-0mgQHGnv~.mp4,,10,121
73D7sxnlBlG~rXWTsl~LT0-0mgQHGnv~.mp4,,2851,121
73D7sxnlBlG~rXWTsl~LT0-0mgQHGnv~.mp4,,4704,121
4729560409.mp4,,9,121
4729560409.mp4,,1762,121
4729560409.mp4,,3245,121
5312922809.mp4,,14,121
5312922809.mp4,,466,121
5312922809.mp4,,822,121
RLQSE0CcEt8.mp4,,535,121
RLQSE0CcEt8.mp4,,4234,121
RLQSE0CcEt8.mp4,,6985,121
Pvhsqrg0_Bg.mp4,,538,121
Pvhsqrg0_Bg.mp4,,3529,121
Pvhsqrg0_Bg.mp4,,3658,121
88INxPMD4Zc.mp4,,1921,121
88INxPMD4Zc.mp4,,2251,121
88INxPMD4Zc.mp4,,2452,121
2094803409.mp4,,1852,121
X4kC6X3bOkY.mp4,,14,121
X4kC6X3bOkY.mp4,,138,121
X4kC6X3bOkY.mp4,,11842,121
5156380909.mp4,,15,121
5156380909.mp4,,1607,121
5156380909.mp4,,2863,121
3320170509.mp4,,11,121
3320170509.mp4,,2798,121
3320170509.mp4,,5269,121
z6sDFFmSosetVMI1Jn4NVQ__.mp4,,3,121
z6sDFFmSosetVMI1Jn4NVQ__.mp4,,499,121
z6sDFFmSosetVMI1Jn4NVQ__.mp4,,979,121
5421319009.mp4,,55,121
5421319009.mp4,,1310,121
5421319009.mp4,,2571,121
~kIwPKC7NaUBr3z0cakLPQ__.mp4,,13,121
~kIwPKC7NaUBr3z0cakLPQ__.mp4,,754,121
dlc7Lyxow_I.mp4,,80,121
dlc7Lyxow_I.mp4,,1506,121
dlc7Lyxow_I.mp4,,3387,121
60mOxlPjUss.mp4,,34,121
60mOxlPjUss.mp4,,4088,121
60mOxlPjUss.mp4,,6234,121
LA06seggvnC6oAd4ytVe1w__.mp4,,1653,121
LA06seggvnC6oAd4ytVe1w__.mp4,,2287,121
LA06seggvnC6oAd4ytVe1w__.mp4,,4805,121
dPHVQt3RbFrh1a7ubS7pJw__.mp4,,774,121
dPHVQt3RbFrh1a7ubS7pJw__.mp4,,2161,121
dPHVQt3RbFrh1a7ubS7pJw__.mp4,,3442,121
5383479909.mp4,,25,121
5383479909.mp4,,1155,121
5383479909.mp4,,2266,121
5384248209.mp4,,179,121
5384248209.mp4,,1369,121
5384248209.mp4,,4273,121
AeXGbWA4Wk79uDdVCknXbQ__.mp4,,175,121
AeXGbWA4Wk79uDdVCknXbQ__.mp4,,1406,121
AeXGbWA4Wk79uDdVCknXbQ__.mp4,,2929,121
5092585109.mp4,,50,121
5092585109.mp4,,2731,121
5092585109.mp4,,6046,121
5257713009.mp4,,22,121
5257713009.mp4,,1379,121
5257713009.mp4,,2511,121
4031204509.mp4,,184,121
4031204509.mp4,,1633,121
4031204509.mp4,,3574,121
5159948609.mp4,,331,121
5159948609.mp4,,1885,121
5159948609.mp4,,3116,121
Mf8mTrmcvd92RCRQUx7xaw__.mp4,,148,121
Mf8mTrmcvd92RCRQUx7xaw__.mp4,,5075,121
Mf8mTrmcvd92RCRQUx7xaw__.mp4,,10608,121
CAIwbZODlLJty7grrVbQ3Q__.mp4,,33,121
CAIwbZODlLJty7grrVbQ3Q__.mp4,,602,121
CAIwbZODlLJty7grrVbQ3Q__.mp4,,1390,121
2919007009.mp4,,56,121
2919007009.mp4,,631,121
2919007009.mp4,,1449,121
nRq4kw-1rOFzS8vYDmcwwQ__.mp4,,15,121
nRq4kw-1rOFzS8vYDmcwwQ__.mp4,,3039,121
nRq4kw-1rOFzS8vYDmcwwQ__.mp4,,6840,121
e8i3nOEPeZw.mp4,,111,121
e8i3nOEPeZw.mp4,,1203,121
e8i3nOEPeZw.mp4,,3070,121
5252285009.mp4,,24,121
5252285009.mp4,,702,121
5252285009.mp4,,1620,121
3662173709.mp4,,15,121
3662173709.mp4,,1237,121
3662173709.mp4,,2551,121
UXP2uYLM7zE.mp4,,214,121
UXP2uYLM7zE.mp4,,1776,121
UXP2uYLM7zE.mp4,,3027,121
PeeyQh0SZ5p0b2~iVzL0dmG4-d2~gTd9.mp4,,398,121
PeeyQh0SZ5p0b2~iVzL0dmG4-d2~gTd9.mp4,,1808,121
PeeyQh0SZ5p0b2~iVzL0dmG4-d2~gTd9.mp4,,3098,121
pczNbCCdd9o.mp4,,204,121
pczNbCCdd9o.mp4,,3541,121
pczNbCCdd9o.mp4,,6177,121
5314408709.mp4,,1423,121
5314408709.mp4,,1849,121
5314408709.mp4,,2618,121
4857461409.mp4,,47,121
4857461409.mp4,,1753,121
4857461409.mp4,,3183,121
3906480009.mp4,,130,121
3906480009.mp4,,3245,121
3906480009.mp4,,7086,121
AScienceOdysseyMysteriesoftheUniverseDocumentarymkv.mp4,,84,121
AScienceOdysseyMysteriesoftheUniverseDocumentarymkv.mp4,,91964,121
AScienceOdysseyMysteriesoftheUniverseDocumentarymkv.mp4,,195356,121
3446705309.mp4,,89,121
3446705309.mp4,,1025,121
3446705309.mp4,,2243,121
cjzJq2ghkrY.mp4,,55,121
cjzJq2ghkrY.mp4,,3324,121
cjzJq2ghkrY.mp4,,7210,121
FWcT1dgV3BJnRDg~~~JZFzSm7YlMZF0e.mp4,,70,121
FWcT1dgV3BJnRDg~~~JZFzSm7YlMZF0e.mp4,,4161,121
FWcT1dgV3BJnRDg~~~JZFzSm7YlMZF0e.mp4,,8061,121
bV-IAL~IWnv8MbyyOFlBtg__.mp4,,99,121
bV-IAL~IWnv8MbyyOFlBtg__.mp4,,725,121
bV-IAL~IWnv8MbyyOFlBtg__.mp4,,1585,121
4426547809.mp4,,166,121
4426547809.mp4,,1304,121
4426547809.mp4,,2098,121
G89Ot8b-nK3pZCRGHauHOLCU1vVqkPor.mp4,,62,121
G89Ot8b-nK3pZCRGHauHOLCU1vVqkPor.mp4,,675,121
G89Ot8b-nK3pZCRGHauHOLCU1vVqkPor.mp4,,1391,121
4817877209.mp4,,226,121
4817877209.mp4,,2791,121
4817877209.mp4,,4526,121
4608110209.mp4,,101,121
4608110209.mp4,,3713,121
4608110209.mp4,,6983,121
wvd1ypgz7Ok.mp4,,72,121
wvd1ypgz7Ok.mp4,,2325,121
wvd1ypgz7Ok.mp4,,4512,121
5405521009.mp4,,28,121
5405521009.mp4,,548,121
5405521009.mp4,,1198,121
5249363309.mp4,,7,121
5249363309.mp4,,1782,121
5249363309.mp4,,3994,121
HVQAgFS9rUjQwjLBJkQf~w__.mp4,,135,121
HVQAgFS9rUjQwjLBJkQf~w__.mp4,,829,121
HVQAgFS9rUjQwjLBJkQf~w__.mp4,,1404,121
Aj2MVG078vU~DMeJuUAwUFoz6tAfo9Pe.mp4,,123,121
Aj2MVG078vU~DMeJuUAwUFoz6tAfo9Pe.mp4,,534,121
Aj2MVG078vU~DMeJuUAwUFoz6tAfo9Pe.mp4,,784,121
5046670409.mp4,,22,121
5046670409.mp4,,1228,121
5046670409.mp4,,1895,121
3050990709.mp4,,55,121
3050990709.mp4,,657,121
3050990709.mp4,,2061,121
2092883209.mp4,,1632,121
2092883209.mp4,,2673,121
2092883209.mp4,,2702,121
XRGSDtKxfkY.mp4,,356,121
XRGSDtKxfkY.mp4,,1597,121
XRGSDtKxfkY.mp4,,2679,121
RdyBMgy5Fajkom3U6Ksx-A__.mp4,,9,121
RdyBMgy5Fajkom3U6Ksx-A__.mp4,,114,121
RdyBMgy5Fajkom3U6Ksx-A__.mp4,,199,121
3736613709.mp4,,365,121
3736613709.mp4,,2817,121
3736613709.mp4,,6221,121
4123662809.mp4,,5,121
4123662809.mp4,,2926,121
4123662809.mp4,,4113,121
2638613909.mp4,,38,121
2638613909.mp4,,2813,121
2638613909.mp4,,4856,121
2824631309.mp4,,44,121
2824631309.mp4,,3031,121
2824631309.mp4,,5142,121
documentary_12.mp4,,7,121
documentary_12.mp4,,39430,121
documentary_12.mp4,,88208,121
FshWJFmUkCML7Ynz70dtGQ__.mp4,,101,121
FshWJFmUkCML7Ynz70dtGQ__.mp4,,1131,121
FshWJFmUkCML7Ynz70dtGQ__.mp4,,2178,121
rfWq5r9-KPujaZ8gWC0Hdg__.mp4,,23,121
rfWq5r9-KPujaZ8gWC0Hdg__.mp4,,1962,121
rfWq5r9-KPujaZ8gWC0Hdg__.mp4,,4563,121
L-PmMl-ssuTgG-muUAA7Iw__.mp4,,441,121
L-PmMl-ssuTgG-muUAA7Iw__.mp4,,4062,121
L-PmMl-ssuTgG-muUAA7Iw__.mp4,,7682,121
GW0MU3Ghkq-fJJpE4B3kKOprcG3RvvCP.mp4,,1347,121
4816575709.mp4,,133,121
4816575709.mp4,,1533,121
4816575709.mp4,,2727,121
4955284809.mp4,,16,121
4955284809.mp4,,1446,121
4955284809.mp4,,2821,121
2389744309.mp4,,14,121
2389744309.mp4,,1389,121
2389744309.mp4,,2580,121
4996368209.mp4,,31,121
4996368209.mp4,,1537,121
4996368209.mp4,,3124,121
4741295309.mp4,,23,121
4741295309.mp4,,1011,121
4741295309.mp4,,1730,121
drUYVASB4GJb8anhKdzHgw__.mp4,,281,121
drUYVASB4GJb8anhKdzHgw__.mp4,,663,121
drUYVASB4GJb8anhKdzHgw__.mp4,,1074,121
0b-1AjPmgKGN718fn3tLGw__.mp4,,225,121
0b-1AjPmgKGN718fn3tLGw__.mp4,,1605,121
0b-1AjPmgKGN718fn3tLGw__.mp4,,3512,121
~7HFPhgJUipyzET51UHwDQ__.mp4,,203,121
~7HFPhgJUipyzET51UHwDQ__.mp4,,26723,121
~7HFPhgJUipyzET51UHwDQ__.mp4,,44186,121
9NcMsExno0w.mp4,,56,121
9NcMsExno0w.mp4,,3844,121
9NcMsExno0w.mp4,,9869,121
4180309709.mp4,,4,121
4180309709.mp4,,2421,121
4180309709.mp4,,4287,121
8DT4gmaITlr~PKACKWKRjQ__.mp4,,110,121
8DT4gmaITlr~PKACKWKRjQ__.mp4,,2517,121
8DT4gmaITlr~PKACKWKRjQ__.mp4,,12093,121
E2zaySeaO0E.mp4,,80,121
E2zaySeaO0E.mp4,,1368,121
E2zaySeaO0E.mp4,,3236,121
4637107309.mp4,,233,121
4637107309.mp4,,1841,121
4637107309.mp4,,3249,121
0etRBn8zYm8.mp4,,69,121
3887028909.mp4,,601,121
3887028909.mp4,,2051,121
3887028909.mp4,,3582,121
4093336609.mp4,,33,121
4093336609.mp4,,1132,121
4093336609.mp4,,3049,121
2975740209.mp4,,46,121
2975740209.mp4,,2900,121
2975740209.mp4,,6278,121
WFvwA3Pwj3g8s8kXaKA0bA__.mp4,,547,121
WFvwA3Pwj3g8s8kXaKA0bA__.mp4,,709,121
4Ui5Dh3BI2RAJQrhveWo~A__.mp4,,74,121
3583197609.mp4,,323,121
3583197609.mp4,,2292,121
3583197609.mp4,,4333,121
documentary_42.mp4,,267,121
documentary_42.mp4,,48392,121
documentary_42.mp4,,95431,121
2091807209.mp4,,253,121
2091807209.mp4,,2563,121
2091807209.mp4,,3897,121
3721384709.mp4,,13,121
3721384709.mp4,,1387,121
3721384709.mp4,,2440,121
GLUYn93eq2EI70kgkyLQrQ__.mp4,,47,121
GLUYn93eq2EI70kgkyLQrQ__.mp4,,2763,121
GLUYn93eq2EI70kgkyLQrQ__.mp4,,6479,121
2915864809.mp4,,114,121
2915864809.mp4,,1417,121
2915864809.mp4,,2783,121
3327495509.mp4,,12,121
3327495509.mp4,,2375,121
3327495509.mp4,,4482,121
PjrzY1TnwbY.mp4,,494,121
PjrzY1TnwbY.mp4,,2402,121
PjrzY1TnwbY.mp4,,4082,121
5207936709.mp4,,16,121
5207936709.mp4,,1394,121
5207936709.mp4,,2689,121
3584194109.mp4,,1245,121
3584194109.mp4,,1540,121
3584194109.mp4,,1818,121
8JEizZjP0RyxXDCx-X4E-g__.mp4,,2996,121
8JEizZjP0RyxXDCx-X4E-g__.mp4,,6947,121
8JEizZjP0RyxXDCx-X4E-g__.mp4,,7003,121
4731058209.mp4,,75,121
4731058209.mp4,,3215,121
4731058209.mp4,,5737,121
2794308209.mp4,,66,121
2794308209.mp4,,529,121
2794308209.mp4,,1297,121
tWmfBwdAJzE.mp4,,2722,121
tWmfBwdAJzE.mp4,,3420,121
tWmfBwdAJzE.mp4,,8610,121
3508036509.mp4,,2630,121
3508036509.mp4,,3315,121
3508036509.mp4,,4264,121
lHyV2yayuH7lyoJaRCaerQ__.mp4,,8,121
lHyV2yayuH7lyoJaRCaerQ__.mp4,,79,121
lHyV2yayuH7lyoJaRCaerQ__.mp4,,263,121
2136584509.mp4,,6,121
2136584509.mp4,,2028,121
2136584509.mp4,,3687,121
ux-ghuBqUwFXRnCxpVGisw__.mp4,,78,121
documentary_27.mp4,,269,121
documentary_27.mp4,,37890,121
documentary_27.mp4,,74555,121
4353561609.mp4,,12,121
4353561609.mp4,,882,121
4353561609.mp4,,1568,121
G~0YH0Pv1-brO5mvXwBd~Q__.mp4,,73,121
G~0YH0Pv1-brO5mvXwBd~Q__.mp4,,82,121
4041772409.mp4,,19,121
4041772409.mp4,,2750,121
4041772409.mp4,,4275,121
4001717609.mp4,,424,121
4001717609.mp4,,2291,121
4001717609.mp4,,4845,121
3574481309.mp4,,10,121
3574481309.mp4,,1445,121
3574481309.mp4,,2722,121
4724438209.mp4,,9,121
4724438209.mp4,,993,121
4724438209.mp4,,1607,121
3026246709.mp4,,443,121
3026246709.mp4,,2363,121
3026246709.mp4,,3557,121
5220420109.mp4,,187,121
5220420109.mp4,,1508,121
5220420109.mp4,,2447,121
IMo2j6D8c5bhbA-GqMp4PA__.mp4,,282,121
IMo2j6D8c5bhbA-GqMp4PA__.mp4,,792,121
IMo2j6D8c5bhbA-GqMp4PA__.mp4,,996,121
5090757509.mp4,,129,121
5090757509.mp4,,1182,121
5090757509.mp4,,2110,121
U-c3ESJnqJA.mp4,,2239,121
U-c3ESJnqJA.mp4,,6577,121
4362674709.mp4,,226,121
4362674709.mp4,,1961,121
4362674709.mp4,,4733,121
3152205709.mp4,,107,121
3152205709.mp4,,3759,121
3152205709.mp4,,6957,121
X5aBPwFhB4g.mp4,,298,121
X5aBPwFhB4g.mp4,,1845,121
X5aBPwFhB4g.mp4,,3704,121
LlXlMkwxcVY.mp4,,256,121
LlXlMkwxcVY.mp4,,4222,121
LlXlMkwxcVY.mp4,,5949,121
5241686209.mp4,,10,121
5241686209.mp4,,480,121
5241686209.mp4,,1207,121
4674553009.mp4,,258,121
4674553009.mp4,,1245,121
4674553009.mp4,,3109,121
uizA8JyNNdE.mp4,,220,121
uizA8JyNNdE.mp4,,2835,121
uizA8JyNNdE.mp4,,6534,121
-QxgeSRkyvynJkUZX1~pDg__.mp4,,137,121
-QxgeSRkyvynJkUZX1~pDg__.mp4,,1568,121
-QxgeSRkyvynJkUZX1~pDg__.mp4,,3214,121
aLbhQDKVl8WvAxNZDvm0Mw__.mp4,,1823,121
aLbhQDKVl8WvAxNZDvm0Mw__.mp4,,2258,121
5139734709.mp4,,155,121
5139734709.mp4,,540,121
5139734709.mp4,,867,121
2151517009.mp4,,38,121
2151517009.mp4,,1424,121
2151517009.mp4,,2067,121
_bgW1pAhrfE.mp4,,91,121
_bgW1pAhrfE.mp4,,1958,121
_bgW1pAhrfE.mp4,,3651,121
5387550909.mp4,,73,121
5387550909.mp4,,2555,121
5387550909.mp4,,5101,121
PsywarFullDocumentarymkv.mp4,,733,121
PsywarFullDocumentarymkv.mp4,,84772,121
PsywarFullDocumentarymkv.mp4,,173406,121
ZqN-s4Z31C06iXnddm6XCw__.mp4,,263,121
ZqN-s4Z31C06iXnddm6XCw__.mp4,,338,121
ZqN-s4Z31C06iXnddm6XCw__.mp4,,563,121
O0qLGuXidjI.mp4,,76,121
O0qLGuXidjI.mp4,,5653,121
O0qLGuXidjI.mp4,,12962,121
2158227609.mp4,,598,121
2158227609.mp4,,2180,121
2158227609.mp4,,3272,121
SIRIUSfromDrStevenGreerOriginalFullLengthDocumentaryFilmFREEmkv.mp4,,115,121
SIRIUSfromDrStevenGreerOriginalFullLengthDocumentaryFilmFREEmkv.mp4,,86501,121
SIRIUSfromDrStevenGreerOriginalFullLengthDocumentaryFilmFREEmkv.mp4,,165463,121
3782712509.mp4,,11,121
3782712509.mp4,,1195,121
3782712509.mp4,,3101,121
2074890309.mp4,,4030,121
2074890309.mp4,,4491,121
5211873709.mp4,,95,121
5211873709.mp4,,1807,121
5211873709.mp4,,3933,121
EC5d2dGaRgk.mp4,,1399,121
EC5d2dGaRgk.mp4,,2929,121
EC5d2dGaRgk.mp4,,4350,121
1404799809.mp4,,92,121
1404799809.mp4,,2442,121
1404799809.mp4,,4709,121
4617030909.mp4,,32,121
4617030909.mp4,,2686,121
4617030909.mp4,,6493,121
2215442309.mp4,,18,121
2215442309.mp4,,1143,121
2215442309.mp4,,2093,121
oWrRf79SPDE.mp4,,246,121
oWrRf79SPDE.mp4,,4091,121
oWrRf79SPDE.mp4,,6843,121
DBZj24UWf2s.mp4,,439,121
DBZj24UWf2s.mp4,,3189,121
DBZj24UWf2s.mp4,,5189,121
3846338009.mp4,,18,121
3846338009.mp4,,738,121
3846338009.mp4,,1635,121
4351018209.mp4,,9,121
4351018209.mp4,,1803,121
4351018209.mp4,,3399,121
eUDy8n9KEFse7BOsWFBO5g__.mp4,,28,121
eUDy8n9KEFse7BOsWFBO5g__.mp4,,2237,121
eUDy8n9KEFse7BOsWFBO5g__.mp4,,7055,121
ISywA6kUlJV2BbZ5rF4ubg__.mp4,,37,121
ISywA6kUlJV2BbZ5rF4ubg__.mp4,,1178,121
ISywA6kUlJV2BbZ5rF4ubg__.mp4,,2239,121
3PPpdSd0YgtsAGNZsyTBpQ__.mp4,,102,121
3PPpdSd0YgtsAGNZsyTBpQ__.mp4,,461,121
2832320809.mp4,,113,121
2832320809.mp4,,977,121
2832320809.mp4,,2086,121
4723844809.mp4,,48,121
4723844809.mp4,,2451,121
4723844809.mp4,,3847,121
2s-LsgreYE8.mp4,,1184,121
vvzsWWiQCkDco3S8QvUKAg__.mp4,,4559,121
3855344409.mp4,,21,121
3855344409.mp4,,2338,121
3855344409.mp4,,5148,121
3851857709.mp4,,30,121
3851857709.mp4,,1145,121
3851857709.mp4,,3674,121
4004307909.mp4,,56,121
4004307909.mp4,,2238,121
4004307909.mp4,,4342,121
3195399709.mp4,,388,121
3195399709.mp4,,3317,121
3195399709.mp4,,5278,121
5008661409.mp4,,11,121
5008661409.mp4,,1661,121
5008661409.mp4,,3383,121
4vCewasFmawnVQcjdKsUXQ__.mp4,,15,121
4vCewasFmawnVQcjdKsUXQ__.mp4,,2102,121
4vCewasFmawnVQcjdKsUXQ__.mp4,,3287,121
2497032909.mp4,,37,121
2497032909.mp4,,3547,121
2497032909.mp4,,7173,121
2646212009.mp4,,12,121
2646212009.mp4,,2082,121
2646212009.mp4,,4340,121
4820926009.mp4,,99,121
4820926009.mp4,,2897,121
4820926009.mp4,,4609,121
3454710409.mp4,,18,121
3454710409.mp4,,1084,121
3454710409.mp4,,1999,121
qfknFqBhT3g.mp4,,1076,121
qfknFqBhT3g.mp4,,2802,121
qfknFqBhT3g.mp4,,4564,121
2985540809.mp4,,554,121
~7Ivgt0MCIRcm3TfFUaLFg__.mp4,,15,121
~7Ivgt0MCIRcm3TfFUaLFg__.mp4,,20,121
~7Ivgt0MCIRcm3TfFUaLFg__.mp4,,48,121
5458072909.mp4,,58,121
5458072909.mp4,,3446,121
5458072909.mp4,,7088,121
aO8Cf3aHK3o.mp4,,489,121
aO8Cf3aHK3o.mp4,,2380,121
aO8Cf3aHK3o.mp4,,4394,121
2186935309.mp4,,99,121
2186935309.mp4,,886,121
2186935309.mp4,,1773,121
2848210209.mp4,,153,121
2848210209.mp4,,3274,121
2848210209.mp4,,7015,121
TheSmashBrothersDocumentarymkv.mp4,,157,121
TheSmashBrothersDocumentarymkv.mp4,,214179,121
TheSmashBrothersDocumentarymkv.mp4,,464303,121
2476551909.mp4,,104,121
2476551909.mp4,,1268,121
2476551909.mp4,,2796,121
p1C-GbmxgcCYimVLsCZ~XQ__.mp4,,53,121
p1C-GbmxgcCYimVLsCZ~XQ__.mp4,,91,121
p1C-GbmxgcCYimVLsCZ~XQ__.mp4,,125,121
jMxpRapU~yeYXQwesscSJdO9qQvROwp~.mp4,,52,121
jMxpRapU~yeYXQwesscSJdO9qQvROwp~.mp4,,2478,121
jMxpRapU~yeYXQwesscSJdO9qQvROwp~.mp4,,4860,121
TheMostSHOCKINGPsychiatryDocumentaryEVERmkv.mp4,,156,121
TheMostSHOCKINGPsychiatryDocumentaryEVERmkv.mp4,,94028,121
TheMostSHOCKINGPsychiatryDocumentaryEVERmkv.mp4,,191523,121
qrPaRZKrvZij1~rXjm5Efw__.mp4,,405,121
qrPaRZKrvZij1~rXjm5Efw__.mp4,,462,121
5116385009.mp4,,60,121
5116385009.mp4,,2120,121
5116385009.mp4,,3859,121
YPNReaGYNCfSkT9mqy5Jog__.mp4,,261,121
YPNReaGYNCfSkT9mqy5Jog__.mp4,,6525,121
YPNReaGYNCfSkT9mqy5Jog__.mp4,,12910,121
1406322709.mp4,,14,121
1406322709.mp4,,1511,121
1406322709.mp4,,2799,121
Q3ZwhApH0E-tkxOBe16usg__.mp4,,442,121
Q3ZwhApH0E-tkxOBe16usg__.mp4,,456,121
4090119909.mp4,,88,121
4090119909.mp4,,1652,121
4090119909.mp4,,2466,121
3974558709.mp4,,118,121
3974558709.mp4,,2518,121
3974558709.mp4,,4086,121
~0eqNtki99uFsZLX0Kg6yA__.mp4,,23,121
~0eqNtki99uFsZLX0Kg6yA__.mp4,,1031,121
~0eqNtki99uFsZLX0Kg6yA__.mp4,,2039,121
3643870909.mp4,,16,121
3643870909.mp4,,3463,121
3643870909.mp4,,5531,121
0epuMaT6n-1z7qMpAWFgeQ__.mp4,,286,121
0epuMaT6n-1z7qMpAWFgeQ__.mp4,,289,121
0epuMaT6n-1z7qMpAWFgeQ__.mp4,,1853,121
uWI7j4UiKa5A1281TE4u~w__.mp4,,12,121
uWI7j4UiKa5A1281TE4u~w__.mp4,,1892,121
uWI7j4UiKa5A1281TE4u~w__.mp4,,3675,121
XEnqIAA9N9M.mp4,,156,121
XEnqIAA9N9M.mp4,,1593,121
XEnqIAA9N9M.mp4,,3783,121
XO7oVL-xds~fLd6BNS~soQ__.mp4,,155,121
XO7oVL-xds~fLd6BNS~soQ__.mp4,,1977,121
XO7oVL-xds~fLd6BNS~soQ__.mp4,,4123,121
9foUgJM0EXS-JVzWLMuTGQ__.mp4,,19,121
9foUgJM0EXS-JVzWLMuTGQ__.mp4,,95,121
9foUgJM0EXS-JVzWLMuTGQ__.mp4,,254,121
4oehvnNKFp8.mp4,,22,121
4oehvnNKFp8.mp4,,1666,121
4oehvnNKFp8.mp4,,5463,121
KkW40eeuFfo.mp4,,1759,121
KkW40eeuFfo.mp4,,2265,121
KkW40eeuFfo.mp4,,4909,121
documentary_3.mp4,,1,121
documentary_3.mp4,,35809,121
documentary_3.mp4,,84092,121
9Po1STeH7d6URgd5elZC3g__.mp4,,5,121
9Po1STeH7d6URgd5elZC3g__.mp4,,2676,121
9Po1STeH7d6URgd5elZC3g__.mp4,,6753,121
2833616509.mp4,,383,121
2833616509.mp4,,1335,121
2833616509.mp4,,1711,121
5224815609.mp4,,21,121
5224815609.mp4,,1668,121
5224815609.mp4,,2832,121
8L433LtMgGY.mp4,,136,121
8L433LtMgGY.mp4,,2763,121
8L433LtMgGY.mp4,,6791,121
3530134209.mp4,,38,121
3530134209.mp4,,2032,121
3530134209.mp4,,3368,121
N-lGwScR2A0.mp4,,89,121
N-lGwScR2A0.mp4,,2664,121
N-lGwScR2A0.mp4,,5514,121
3958332609.mp4,,31,121
3958332609.mp4,,1950,121
3958332609.mp4,,4141,121
yQHmJUWZnk6OO2U47tGpZcOaHEhnUyGX.mp4,,88,121
yQHmJUWZnk6OO2U47tGpZcOaHEhnUyGX.mp4,,895,121
yQHmJUWZnk6OO2U47tGpZcOaHEhnUyGX.mp4,,1476,121
QwR2vKp_28I.mp4,,35,121
QwR2vKp_28I.mp4,,2785,121
QwR2vKp_28I.mp4,,6115,121
ko3qwzZYCKw.mp4,,2193,121
ko3qwzZYCKw.mp4,,4888,121
ko3qwzZYCKw.mp4,,6032,121
HowTheCeltsSavedBritainDocumentary1_2mkv.mp4,,113,121
HowTheCeltsSavedBritainDocumentary1_2mkv.mp4,,59107,121
HowTheCeltsSavedBritainDocumentary1_2mkv.mp4,,162596,121
i24o030H3ws.mp4,,550,121
i24o030H3ws.mp4,,2418,121
i24o030H3ws.mp4,,3797,121
iXrj0rhGMG4.mp4,,296,121
iXrj0rhGMG4.mp4,,5730,121
iXrj0rhGMG4.mp4,,6940,121
_ElMMpZnDzc.mp4,,126,121
_ElMMpZnDzc.mp4,,8115,121
_ElMMpZnDzc.mp4,,12551,121
cD3RpbizQV8.mp4,,5,121
cD3RpbizQV8.mp4,,908,121
cD3RpbizQV8.mp4,,3074,121
3395372409.mp4,,81,121
3395372409.mp4,,2163,121
3395372409.mp4,,4327,121
TheCannibalWarlordsofLiberiaFullLengthDocumentarymkv.mp4,,257,121
TheCannibalWarlordsofLiberiaFullLengthDocumentarymkv.mp4,,33930,121
TheCannibalWarlordsofLiberiaFullLengthDocumentarymkv.mp4,,76655,121
3686892209.mp4,,43,121
3686892209.mp4,,843,121
3686892209.mp4,,2134,121
IHetE95Mylc.mp4,,948,121
IHetE95Mylc.mp4,,2913,121
IHetE95Mylc.mp4,,4098,121
KYQMRzI4uVI.mp4,,118,121
KYQMRzI4uVI.mp4,,2660,121
KYQMRzI4uVI.mp4,,4922,121
5015791409.mp4,,155,121
5015791409.mp4,,926,121
5015791409.mp4,,2067,121
5381871009.mp4,,15,121
5381871009.mp4,,1918,121
5381871009.mp4,,4116,121
BUZOIh72RZE.mp4,,240,121
BUZOIh72RZE.mp4,,1529,121
BUZOIh72RZE.mp4,,5031,121
2643083109.mp4,,392,121
2643083109.mp4,,1079,121
2643083109.mp4,,3350,121
8mL2FSo~any2PCqYn4RX8Q__.mp4,,39,121
8mL2FSo~any2PCqYn4RX8Q__.mp4,,3022,121
8mL2FSo~any2PCqYn4RX8Q__.mp4,,7422,121
documentary_28.mp4,,141,121
documentary_28.mp4,,27316,121
documentary_28.mp4,,62652,121
8yZy~9vZlyS55REIkVp3HI~FcBrk8LkP.mp4,,253,121
xTx0N_AL_-E.mp4,,151,121
xTx0N_AL_-E.mp4,,1245,121
xTx0N_AL_-E.mp4,,3435,121
SecretsofTheScammersFraudDocumentarymkv.mp4,,62,121
SecretsofTheScammersFraudDocumentarymkv.mp4,,29884,121
SecretsofTheScammersFraudDocumentarymkv.mp4,,61906,121
2107841309.mp4,,306,121
2107841309.mp4,,2231,121
2107841309.mp4,,5973,121
2373365609.mp4,,44,121
2373365609.mp4,,922,121
2373365609.mp4,,1683,121
3104656309.mp4,,117,121
3104656309.mp4,,251,121
3104656309.mp4,,736,121
sxjAVeF3xEVs-9r1OabRGg__.mp4,,9,121
sxjAVeF3xEVs-9r1OabRGg__.mp4,,458,121
sxjAVeF3xEVs-9r1OabRGg__.mp4,,666,121
4416353409.mp4,,73,121
4416353409.mp4,,1119,121
4416353409.mp4,,1492,121
2480113409.mp4,,153,121
2480113409.mp4,,1341,121
2480113409.mp4,,2406,121
-nYsjPbReaCeFvXumJFLJK9~NE1QdDEb.mp4,,13,121
-nYsjPbReaCeFvXumJFLJK9~NE1QdDEb.mp4,,32,121
-nYsjPbReaCeFvXumJFLJK9~NE1QdDEb.mp4,,98,121
2160906409.mp4,,20,121
2160906409.mp4,,1320,121
2160906409.mp4,,3155,121
4900906709.mp4,,199,121
4900906709.mp4,,817,121
4900906709.mp4,,1607,121
4185283209.mp4,,8,121
4185283209.mp4,,1127,121
4185283209.mp4,,2069,121
ug0Cz5JyXuM.mp4,,30,121
ug0Cz5JyXuM.mp4,,1699,121
ug0Cz5JyXuM.mp4,,3408,121
3944304809.mp4,,89,121
3944304809.mp4,,3108,121
3944304809.mp4,,5944,121
3716729509.mp4,,15,121
3716729509.mp4,,1870,121
3716729509.mp4,,3523,121
ZaPbpQyAS8L4QRsWfpHvIg__.mp4,,49,121
gf83uQErBuQ.mp4,,231,121
gf83uQErBuQ.mp4,,1447,121
gf83uQErBuQ.mp4,,2856,121
_Wi9VzQn9-Y.mp4,,113,121
_Wi9VzQn9-Y.mp4,,4097,121
_Wi9VzQn9-Y.mp4,,6725,121
5QWWzUjz1tP-NabfiDoTNQ__.mp4,,968,121
LO9-XemM3X8.mp4,,112,121
50g-t0UHTJu7gMbqwfKe1A__.mp4,,54,121
50g-t0UHTJu7gMbqwfKe1A__.mp4,,166,121
50g-t0UHTJu7gMbqwfKe1A__.mp4,,279,121
4092863109.mp4,,56,121
4092863109.mp4,,2463,121
4092863109.mp4,,4209,121
6kXFsjVJZHHgFIrBtPGSzw__.mp4,,79,121
7lb1zUWE5l8.mp4,,89,121
7lb1zUWE5l8.mp4,,2175,121
7lb1zUWE5l8.mp4,,5310,121
documentary_7.mp4,,518,121
documentary_7.mp4,,29311,121
documentary_7.mp4,,63797,121
WWIgPZUKQF7m5YHF7GPC2A__.mp4,,537,121
WWIgPZUKQF7m5YHF7GPC2A__.mp4,,563,121
REbDV3a2Fng.mp4,,218,121
REbDV3a2Fng.mp4,,7082,121
REbDV3a2Fng.mp4,,12435,121
5443373009.mp4,,44,121
5443373009.mp4,,860,121
5443373009.mp4,,1898,121
9ehJhckS1K8.mp4,,12823,121
AZsVEoxmeq0.mp4,,87,121
AZsVEoxmeq0.mp4,,3584,121
AZsVEoxmeq0.mp4,,6808,121
3864341409.mp4,,18,121
3864341409.mp4,,2093,121
3864341409.mp4,,4309,121
5421540609.mp4,,241,121
5421540609.mp4,,976,121
5421540609.mp4,,1664,121
2895465109.mp4,,433,121
2895465109.mp4,,2699,121
2895465109.mp4,,6145,121
2544659109.mp4,,98,121
2544659109.mp4,,2510,121
2544659109.mp4,,4485,121
2638878209.mp4,,26,121
2638878209.mp4,,1905,121
2638878209.mp4,,4012,121
3619457509.mp4,,30,121
3619457509.mp4,,2100,121
3619457509.mp4,,4202,121
6Hx3D6hdsIE.mp4,,4418,121
6Hx3D6hdsIE.mp4,,5476,121
NA0JCt0833s.mp4,,984,121
NA0JCt0833s.mp4,,3745,121
NA0JCt0833s.mp4,,3747,121
GPy01OnOBjE.mp4,,210,121
GPy01OnOBjE.mp4,,4234,121
GPy01OnOBjE.mp4,,8290,121
oG-d3xlepOapd6tc8hy~xQ__.mp4,,117,121
oG-d3xlepOapd6tc8hy~xQ__.mp4,,758,121
oG-d3xlepOapd6tc8hy~xQ__.mp4,,1333,121
5415824709.mp4,,30,121
5415824709.mp4,,729,121
5415824709.mp4,,1763,121
2836734009.mp4,,29,121
2836734009.mp4,,1650,121
2836734009.mp4,,2748,121
NxakZo-IuPQ.mp4,,551,121
C9VppUAr5CC1JaAXNUS2PA__.mp4,,200,121
3701450109.mp4,,35,121
3701450109.mp4,,3993,121
3701450109.mp4,,6819,121
ljrLYRQHLw9V7kh9sgYZvg__.mp4,,29,121
ljrLYRQHLw9V7kh9sgYZvg__.mp4,,124,121
ljrLYRQHLw9V7kh9sgYZvg__.mp4,,281,121
197a0txeobY.mp4,,295,121
197a0txeobY.mp4,,4186,121
197a0txeobY.mp4,,5963,121
3401126909.mp4,,12,121
3401126909.mp4,,3383,121
3401126909.mp4,,6378,121
iUdQb64lPgviuIqFpuGh0A__.mp4,,15,121
iUdQb64lPgviuIqFpuGh0A__.mp4,,46,121
iUdQb64lPgviuIqFpuGh0A__.mp4,,59,121
1404736609.mp4,,93,121
1404736609.mp4,,1914,121
1404736609.mp4,,4038,121
-QhRxD9OY2Y.mp4,,39,121
-QhRxD9OY2Y.mp4,,1489,121
-QhRxD9OY2Y.mp4,,3389,121
2754904009.mp4,,119,121
2754904009.mp4,,1676,121
2754904009.mp4,,2868,121
2114164509.mp4,,92,121
2114164509.mp4,,1939,121
2114164509.mp4,,3735,121
3446580709.mp4,,1139,121
3446580709.mp4,,2117,121
3446580709.mp4,,4416,121
documentary_48.mp4,,249,121
documentary_48.mp4,,79919,121
documentary_48.mp4,,161643,121
2750662509.mp4,,136,121
2750662509.mp4,,893,121
2750662509.mp4,,3053,121
FYYvCJ1cxZk.mp4,,27,121
FYYvCJ1cxZk.mp4,,28,121
9tDtlFRa9LWjVAJc7K6AhA__.mp4,,7,121
9tDtlFRa9LWjVAJc7K6AhA__.mp4,,297,121
9tDtlFRa9LWjVAJc7K6AhA__.mp4,,623,121
AmGTPgBwG4w.mp4,,832,121
AmGTPgBwG4w.mp4,,1139,121
AmGTPgBwG4w.mp4,,3905,121
1276560309.mp4,,18,121
1276560309.mp4,,829,121
1276560309.mp4,,1427,121
28A5XkdTMdM.mp4,,75,121
28A5XkdTMdM.mp4,,2464,121
28A5XkdTMdM.mp4,,4113,121
8RyhyDgl-1~ydqIxcoIw7lULrLOWZIQX.mp4,,68,121
8RyhyDgl-1~ydqIxcoIw7lULrLOWZIQX.mp4,,409,121
8RyhyDgl-1~ydqIxcoIw7lULrLOWZIQX.mp4,,683,121
wBMk8qRCh2hcd1OLWddF-w__.mp4,,141,121
oPOSgzVQa3U.mp4,,5665,121
oPOSgzVQa3U.mp4,,6116,121
oPOSgzVQa3U.mp4,,6434,121
2635920109.mp4,,38,121
2635920109.mp4,,1971,121
2635920109.mp4,,4916,121
AbPIota0Ae9Nchok4mjVzQ__.mp4,,53,121
AbPIota0Ae9Nchok4mjVzQ__.mp4,,202,121
5256356109.mp4,,17,121
5256356109.mp4,,1096,121
5256356109.mp4,,1828,121
4556515409.mp4,,56,121
4556515409.mp4,,2809,121
4556515409.mp4,,6131,121
FGNuSpLRtBNSFH7ZfvFepw__.mp4,,104,121
FGNuSpLRtBNSFH7ZfvFepw__.mp4,,164,121
2834360009.mp4,,3,121
2834360009.mp4,,1734,121
2834360009.mp4,,3268,121
4965696209.mp4,,171,121
4965696209.mp4,,1249,121
4965696209.mp4,,1950,121
5368752109.mp4,,32,121
5368752109.mp4,,1587,121
5368752109.mp4,,2931,121
JD42buDeRyk.mp4,,294,121
JD42buDeRyk.mp4,,1653,121
JD42buDeRyk.mp4,,3214,121
8kPzTiP1QrA.mp4,,42,121
8kPzTiP1QrA.mp4,,221,121
8kPzTiP1QrA.mp4,,3757,121
sKr5RrBe7I4.mp4,,47,121
sKr5RrBe7I4.mp4,,3739,121
sKr5RrBe7I4.mp4,,6993,121
CP-OsKEmfeE.mp4,,51,121
CP-OsKEmfeE.mp4,,3215,121
CP-OsKEmfeE.mp4,,8751,121
5378442309.mp4,,195,121
5378442309.mp4,,1304,121
5378442309.mp4,,2082,121
LLITZS5I~ZRIhj9SR1H1Mg__.mp4,,277,121
LLITZS5I~ZRIhj9SR1H1Mg__.mp4,,2033,121
LLITZS5I~ZRIhj9SR1H1Mg__.mp4,,3248,121
4914859609.mp4,,2643,121
4914859609.mp4,,3282,121
2213758609.mp4,,25,121
2213758609.mp4,,3523,121
2213758609.mp4,,6277,121
3714585709.mp4,,47,121
3714585709.mp4,,1456,121
3714585709.mp4,,2879,121
3ByTGZvF_vo.mp4,,1070,121
3ByTGZvF_vo.mp4,,2437,121
3ByTGZvF_vo.mp4,,3855,121
cz3h71vXRyM.mp4,,255,121
cz3h71vXRyM.mp4,,1816,121
4916773109.mp4,,11,121
4916773109.mp4,,2552,121
4916773109.mp4,,5320,121
8-nGjhLk83o.mp4,,41,121
8-nGjhLk83o.mp4,,1857,121
8-nGjhLk83o.mp4,,3303,121
pe4zFQeOlPw.mp4,,56,121
pe4zFQeOlPw.mp4,,1443,121
pe4zFQeOlPw.mp4,,2866,121
5437217109.mp4,,37,121
5437217109.mp4,,1152,121
5437217109.mp4,,3181,121
LifeinPrisonDocumentary2017GANGWARSBEHINDBARSmkv.mp4,,130,121
LifeinPrisonDocumentary2017GANGWARSBEHINDBARSmkv.mp4,,42109,121
LifeinPrisonDocumentary2017GANGWARSBEHINDBARSmkv.mp4,,86241,121
2NRY1Mr1N9w.mp4,,104,121
2NRY1Mr1N9w.mp4,,3605,121
2NRY1Mr1N9w.mp4,,10553,121
2101970609.mp4,,44,121
2101970609.mp4,,1723,121
2101970609.mp4,,3519,121
6VWdAw5ae8Y.mp4,,14,121
6VWdAw5ae8Y.mp4,,3156,121
6VWdAw5ae8Y.mp4,,4152,121
2840180709.mp4,,16,121
2840180709.mp4,,1877,121
2840180709.mp4,,3453,121
2825829909.mp4,,18,121
2825829909.mp4,,1946,121
2825829909.mp4,,3578,121
egLs4yuYxv0.mp4,,96,121
egLs4yuYxv0.mp4,,4328,121
egLs4yuYxv0.mp4,,6652,121
FhmbA_HIOeU.mp4,,9,121
FhmbA_HIOeU.mp4,,1760,121
FhmbA_HIOeU.mp4,,4306,121
documentary_37.mp4,,416,121
documentary_37.mp4,,33870,121
documentary_37.mp4,,62504,121
FourHorsemenFeatureDocumentaryOfficialVersionmkv.mp4,,709,121
FourHorsemenFeatureDocumentaryOfficialVersionmkv.mp4,,73858,121
FourHorsemenFeatureDocumentaryOfficialVersionmkv.mp4,,147994,121
5270901709.mp4,,34,121
5270901709.mp4,,1237,121
5270901709.mp4,,3268,121
5MQYSlp7I9E.mp4,,97,121
5MQYSlp7I9E.mp4,,7256,121
5MQYSlp7I9E.mp4,,10200,121
wkEYw3rgLZFFo6AvYhZmHmjeud9xEmVM.mp4,,134,121
wkEYw3rgLZFFo6AvYhZmHmjeud9xEmVM.mp4,,519,121
wkEYw3rgLZFFo6AvYhZmHmjeud9xEmVM.mp4,,629,121
PiuWM7iEOOsGZgtSE6lBsA__.mp4,,47,121
2837671609.mp4,,116,121
2837671609.mp4,,741,121
2837671609.mp4,,1418,121
0gN2x7wiQXQWfgEkUg6tUkogC1vU1fm8.mp4,,42,121
0gN2x7wiQXQWfgEkUg6tUkogC1vU1fm8.mp4,,966,121
0gN2x7wiQXQWfgEkUg6tUkogC1vU1fm8.mp4,,2524,121
2652864509.mp4,,426,121
2652864509.mp4,,2272,121
2652864509.mp4,,2297,121
Q1gDLe0Enuw.mp4,,13,121
Q1gDLe0Enuw.mp4,,1132,121
Q1gDLe0Enuw.mp4,,3839,121
3464609909.mp4,,16,121
3464609909.mp4,,1652,121
3464609909.mp4,,2686,121
3615347409.mp4,,96,121
3615347409.mp4,,1871,121
3615347409.mp4,,4408,121
3103988009.mp4,,16,121
3103988009.mp4,,1895,121
3103988009.mp4,,4098,121
2156864009.mp4,,211,121
2156864009.mp4,,1369,121
2156864009.mp4,,2143,121
4373073409.mp4,,35,121
4373073409.mp4,,1333,121
4373073409.mp4,,3092,121
MJHZrRZkSwI.mp4,,198,121
MJHZrRZkSwI.mp4,,3046,121
wlEnVQzuUps.mp4,,70,121
wlEnVQzuUps.mp4,,1128,121
wlEnVQzuUps.mp4,,6425,121
G-7lbDuMtMg.mp4,,217,121
G-7lbDuMtMg.mp4,,361,121
G-7lbDuMtMg.mp4,,486,121
GR~o8oMYX40ujM5P8YumhQ__.mp4,,9,121
GR~o8oMYX40ujM5P8YumhQ__.mp4,,1759,121
GR~o8oMYX40ujM5P8YumhQ__.mp4,,3673,121
3709688209.mp4,,90,121
3709688209.mp4,,2693,121
3709688209.mp4,,4852,121
PhzBrdEZQhgLNEoanwXyFQ__.mp4,,57,121
PhzBrdEZQhgLNEoanwXyFQ__.mp4,,106,121
8W-zcNQmzzw.mp4,,39,121
8W-zcNQmzzw.mp4,,1912,121
8W-zcNQmzzw.mp4,,4458,121
9n6hk0F2c1w.mp4,,19,121
9n6hk0F2c1w.mp4,,2921,121
9n6hk0F2c1w.mp4,,4527,121
79YJvp6pKu-umlt7NjRP7wGgxTTfPCKm.mp4,,522,121
79YJvp6pKu-umlt7NjRP7wGgxTTfPCKm.mp4,,2716,121
79YJvp6pKu-umlt7NjRP7wGgxTTfPCKm.mp4,,4971,121
3073411409.mp4,,219,121
3073411409.mp4,,2828,121
3073411409.mp4,,7131,121
5024018609.mp4,,20,121
5024018609.mp4,,3861,121
5024018609.mp4,,6803,121
2271192609.mp4,,8,121
2271192609.mp4,,4034,121
2271192609.mp4,,5103,121
4293191009.mp4,,3,121
4293191009.mp4,,1371,121
4293191009.mp4,,2713,121
5390118709.mp4,,146,121
5390118709.mp4,,2024,121
5390118709.mp4,,3489,121
2171465109.mp4,,11,121
2171465109.mp4,,828,121
2171465109.mp4,,1795,121
3507499209.mp4,,160,121
3507499209.mp4,,407,121
3507499209.mp4,,1908,121
4309383709.mp4,,9,121
4309383709.mp4,,3090,121
4309383709.mp4,,6197,121
2963975809.mp4,,114,121
2963975809.mp4,,3344,121
2963975809.mp4,,5541,121
-RLZjh_abhA.mp4,,29,121
-RLZjh_abhA.mp4,,5190,121
-RLZjh_abhA.mp4,,8787,121
slIWJpYutge04xePolR~BQ__.mp4,,47,121
slIWJpYutge04xePolR~BQ__.mp4,,4963,121
slIWJpYutge04xePolR~BQ__.mp4,,11375,121
bdQ0EFQDllw7D~eWXLMGdw__.mp4,,380,121
bdQ0EFQDllw7D~eWXLMGdw__.mp4,,977,121
bdQ0EFQDllw7D~eWXLMGdw__.mp4,,1464,121
4gVY_DVHx0o.mp4,,104,121
4gVY_DVHx0o.mp4,,1606,121
4gVY_DVHx0o.mp4,,3627,121
rPhyi98YPAU.mp4,,43,121
uYUuxEC6033gVM7yH9cAaM~jXRoRzNZG.mp4,,109,121
uYUuxEC6033gVM7yH9cAaM~jXRoRzNZG.mp4,,247,121
6-mQVM2itaQ.mp4,,6,121
6-mQVM2itaQ.mp4,,1169,121
6-mQVM2itaQ.mp4,,3065,121
4621520209.mp4,,69,121
4621520209.mp4,,1965,121
4621520209.mp4,,2962,121
92ZQg9_5ZKQ.mp4,,36,121
92ZQg9_5ZKQ.mp4,,2629,121
92ZQg9_5ZKQ.mp4,,4904,121
2388540209.mp4,,47,121
2388540209.mp4,,811,121
2388540209.mp4,,1614,121
i9Ibr3rUj9g.mp4,,3710,121
i9Ibr3rUj9g.mp4,,3953,121
5030246909.mp4,,35,121
5030246909.mp4,,1380,121
5030246909.mp4,,3454,121
5425607009.mp4,,23,121
5425607009.mp4,,1061,121
5425607009.mp4,,2300,121
2112958409.mp4,,14,121
2112958409.mp4,,4876,121
2112958409.mp4,,7163,121
3958239409.mp4,,212,121
3958239409.mp4,,718,121
3958239409.mp4,,1388,121
S8Qs5g~MjjyuBYf6hW685g__.mp4,,214,121
S8Qs5g~MjjyuBYf6hW685g__.mp4,,2522,121
S8Qs5g~MjjyuBYf6hW685g__.mp4,,3680,121
AmericaBeforeColumbusFullDocumentarymkv.mp4,,314,121
AmericaBeforeColumbusFullDocumentarymkv.mp4,,80216,121
AmericaBeforeColumbusFullDocumentarymkv.mp4,,164650,121
4812497009.mp4,,22,121
4812497009.mp4,,1907,121
4812497009.mp4,,3410,121
3571905309.mp4,,4,121
3571905309.mp4,,3618,121
3571905309.mp4,,7109,121
xLdWqrL69-qLsarlH1yWHA__.mp4,,3809,121
11zeBMqaab0.mp4,,298,121
2815113709.mp4,,36,121
2815113709.mp4,,2311,121
2815113709.mp4,,4891,121
FaDOc6130jY.mp4,,4631,121
3yYkrOOIyrc.mp4,,2152,121
3yYkrOOIyrc.mp4,,3071,121
3yYkrOOIyrc.mp4,,4605,121
3581157209.mp4,,256,121
3581157209.mp4,,944,121
3581157209.mp4,,1772,121
OV164Q6wb74.mp4,,956,121
OV164Q6wb74.mp4,,5000,121
OV164Q6wb74.mp4,,8300,121
CUSiXyuLfk9l9myo-sq1Fw__.mp4,,52,121
CUSiXyuLfk9l9myo-sq1Fw__.mp4,,4529,121
CUSiXyuLfk9l9myo-sq1Fw__.mp4,,9242,121
3347800209.mp4,,209,121
3347800209.mp4,,1155,121
3347800209.mp4,,1738,121
AMFXMn2AQrzUZiapSz92Yh8ortEqtIlj.mp4,,6734,121
TheMunstersTelevisionShowDocumentarymkv.mp4,,132,121
TheMunstersTelevisionShowDocumentarymkv.mp4,,43164,121
TheMunstersTelevisionShowDocumentarymkv.mp4,,77305,121
mJfRup93qu8.mp4,,3756,121
mJfRup93qu8.mp4,,5523,121
mJfRup93qu8.mp4,,7813,121
1MQm0ol-loo.mp4,,310,121
1MQm0ol-loo.mp4,,2122,121
1MQm0ol-loo.mp4,,4573,121
huKahq9r~4l0tq~wPg5r~o8urZ-yzRta.mp4,,143,121
huKahq9r~4l0tq~wPg5r~o8urZ-yzRta.mp4,,640,121
huKahq9r~4l0tq~wPg5r~o8urZ-yzRta.mp4,,1320,121
48kp4LdCtqD7ihhhdYTUAw__.mp4,,59,121
48kp4LdCtqD7ihhhdYTUAw__.mp4,,163,121
48kp4LdCtqD7ihhhdYTUAw__.mp4,,274,121
zAEBhPJZ23--t-aKby2C7w__.mp4,,1201,121
3774889609.mp4,,34,121
3774889609.mp4,,3159,121
3774889609.mp4,,6790,121
IUpt55ZFZUlSiNjG2CsjRQ__.mp4,,15,121
2073833309.mp4,,61,121
2073833309.mp4,,2343,121
2073833309.mp4,,3672,121
1USjFqurAzE.mp4,,59,121
1USjFqurAzE.mp4,,1463,121
1USjFqurAzE.mp4,,5799,121
NT2R4nr3gEM.mp4,,724,121
NT2R4nr3gEM.mp4,,3773,121
NT2R4nr3gEM.mp4,,7211,121
4672598909.mp4,,310,121
4672598909.mp4,,2547,121
4672598909.mp4,,4845,121
sRzqODHG_7o.mp4,,345,121
sRzqODHG_7o.mp4,,1891,121
sRzqODHG_7o.mp4,,6381,121
5013186709.mp4,,21,121
5013186709.mp4,,1690,121
5013186709.mp4,,2803,121
-WiHsf7joLY.mp4,,226,121
-WiHsf7joLY.mp4,,1632,121
-WiHsf7joLY.mp4,,3569,121
RrFJjZ6RJPvwLGjm7TgFEQZJsKM1SSSW.mp4,,57,121
RrFJjZ6RJPvwLGjm7TgFEQZJsKM1SSSW.mp4,,2165,121
RrFJjZ6RJPvwLGjm7TgFEQZJsKM1SSSW.mp4,,3735,121
3529604709.mp4,,24,121
3529604709.mp4,,946,121
3529604709.mp4,,1820,121
S_5n8YVF4Vc.mp4,,5837,121
S_5n8YVF4Vc.mp4,,7106,121
OPgkOfis0hp9T2bU4tpZhg__.mp4,,242,121
OPgkOfis0hp9T2bU4tpZhg__.mp4,,4433,121
OPgkOfis0hp9T2bU4tpZhg__.mp4,,8190,121
4899408009.mp4,,30,121
4899408009.mp4,,715,121
4899408009.mp4,,3483,121
zh39xpifJ3-U9hyMDK0x6A__.mp4,,26,121
zh39xpifJ3-U9hyMDK0x6A__.mp4,,50,121
zh39xpifJ3-U9hyMDK0x6A__.mp4,,218,121
ObaYZ65ACYY.mp4,,192,121
ObaYZ65ACYY.mp4,,2154,121
ObaYZ65ACYY.mp4,,4110,121
ObsoleteFullDocumentaryOfficial2016mkv.mp4,,230,121
ObsoleteFullDocumentaryOfficial2016mkv.mp4,,41067,121
ObsoleteFullDocumentaryOfficial2016mkv.mp4,,89248,121
3397468609.mp4,,294,121
3397468609.mp4,,342,121
Cu2fP6WQmBI.mp4,,10,121
Cu2fP6WQmBI.mp4,,3664,121
Cu2fP6WQmBI.mp4,,7614,121
4471823009.mp4,,26,121
4471823009.mp4,,2063,121
4471823009.mp4,,4345,121
9q-A1KtP9Yo.mp4,,132,121
9q-A1KtP9Yo.mp4,,6178,121
9q-A1KtP9Yo.mp4,,10391,121
UAvu_d1oHSs.mp4,,70,121
UAvu_d1oHSs.mp4,,184,121
3971951609.mp4,,125,121
3971951609.mp4,,2831,121
3971951609.mp4,,5051,121
cjXpJLAMG8k.mp4,,342,121
cjXpJLAMG8k.mp4,,5600,121
cjXpJLAMG8k.mp4,,11928,121
q1R6vKpTwMI.mp4,,155,121
q1R6vKpTwMI.mp4,,3189,121
q1R6vKpTwMI.mp4,,5781,121
DCcHNOYFVtkrFJuOIeUqQw__.mp4,,301,121
DCcHNOYFVtkrFJuOIeUqQw__.mp4,,9423,121
DCcHNOYFVtkrFJuOIeUqQw__.mp4,,17809,121
q221-OCK1pbirhqkqGdQtw__.mp4,,84,121
q221-OCK1pbirhqkqGdQtw__.mp4,,1265,121
q221-OCK1pbirhqkqGdQtw__.mp4,,2071,121
Hxm~HsPNu1~upyhbXot5Pg__.mp4,,50,121
Hxm~HsPNu1~upyhbXot5Pg__.mp4,,483,121
Hxm~HsPNu1~upyhbXot5Pg__.mp4,,702,121
NBOaSXAffqH19Uiap8wLkrgH2o62cRRW.mp4,,271,121
NBOaSXAffqH19Uiap8wLkrgH2o62cRRW.mp4,,3995,121
NBOaSXAffqH19Uiap8wLkrgH2o62cRRW.mp4,,7772,121
OJTX5Jd2_DA.mp4,,82,121
OJTX5Jd2_DA.mp4,,1236,121
OJTX5Jd2_DA.mp4,,2416,121
4966248409.mp4,,34,121
4966248409.mp4,,2197,121
4966248409.mp4,,4273,121
B6N~FTCz8HlaVXQrpoY0wxcU61iR27Yo.mp4,,699,121
B6N~FTCz8HlaVXQrpoY0wxcU61iR27Yo.mp4,,715,121
C3F1MnUXOHg2gqJzuIz3Ag__.mp4,,50,121
C3F1MnUXOHg2gqJzuIz3Ag__.mp4,,6590,121
C3F1MnUXOHg2gqJzuIz3Ag__.mp4,,12183,121
lDwb~t2UEx0tq5uj3ATPdg__.mp4,,2,121
0BYmrWFQUUA.mp4,,5880,121
8Nj03lkcieOtAgMwK4Kflw__.mp4,,709,121
8Nj03lkcieOtAgMwK4Kflw__.mp4,,721,121
8Nj03lkcieOtAgMwK4Kflw__.mp4,,1007,121
OeMFraeG4fA.mp4,,77,121
OeMFraeG4fA.mp4,,997,121
OeMFraeG4fA.mp4,,7972,121
2423280609.mp4,,36,121
2423280609.mp4,,1225,121
2423280609.mp4,,2916,121
-d87ifJtKwWVQ3o6gvFPaI7KcBaoYS~O.mp4,,632,121
-d87ifJtKwWVQ3o6gvFPaI7KcBaoYS~O.mp4,,1774,121
-d87ifJtKwWVQ3o6gvFPaI7KcBaoYS~O.mp4,,3569,121
4681337309.mp4,,4,121
4681337309.mp4,,739,121
4681337309.mp4,,1607,121
3926575209.mp4,,474,121
3926575209.mp4,,4760,121
3926575209.mp4,,7204,121
5476622509.mp4,,114,121
5476622509.mp4,,1947,121
5476622509.mp4,,3239,121
nxWGxafzEFLmj3WLAhWlWj-0FZ6-CBEW.mp4,,28,121
nxWGxafzEFLmj3WLAhWlWj-0FZ6-CBEW.mp4,,3804,121
nxWGxafzEFLmj3WLAhWlWj-0FZ6-CBEW.mp4,,8305,121
WMOaJ0UC7yU.mp4,,469,121
WMOaJ0UC7yU.mp4,,506,121
WMOaJ0UC7yU.mp4,,1951,121
5T1jRK1fDxlz53XNAV1zlxmEWKpxbM~P.mp4,,126,121
5T1jRK1fDxlz53XNAV1zlxmEWKpxbM~P.mp4,,2017,121
5T1jRK1fDxlz53XNAV1zlxmEWKpxbM~P.mp4,,4803,121
vkjdyqiNRvU.mp4,,131,121
vkjdyqiNRvU.mp4,,3381,121
vkjdyqiNRvU.mp4,,7294,121
4367688709.mp4,,84,121
4367688709.mp4,,2495,121
4367688709.mp4,,3627,121
3iKtO0~21BIl~jwNfKNVYA__.mp4,,25,121
3iKtO0~21BIl~jwNfKNVYA__.mp4,,3729,121
3iKtO0~21BIl~jwNfKNVYA__.mp4,,8488,121
2552330609.mp4,,79,121
2552330609.mp4,,3124,121
2552330609.mp4,,5873,121
3566552709.mp4,,62,121
3566552709.mp4,,788,121
3566552709.mp4,,1735,121
5445391809.mp4,,495,121
5445391809.mp4,,2443,121
5445391809.mp4,,5927,121
m5DmRw9KPyo.mp4,,87,121
m5DmRw9KPyo.mp4,,4052,121
m5DmRw9KPyo.mp4,,10919,121
2134890009.mp4,,88,121
2134890009.mp4,,3497,121
2134890009.mp4,,6945,121
3637783009.mp4,,144,121
3637783009.mp4,,1481,121
3637783009.mp4,,2908,121
AXdfscwsfHI.mp4,,179,121
AXdfscwsfHI.mp4,,4229,121
AXdfscwsfHI.mp4,,9869,121
3043511209.mp4,,20,121
3043511209.mp4,,263,121
3043511209.mp4,,861,121
rYAqMiWCdcjyIHerNFj1Ew__.mp4,,111,121
rYAqMiWCdcjyIHerNFj1Ew__.mp4,,274,121
3102379509.mp4,,183,121
3102379509.mp4,,2592,121
3102379509.mp4,,5696,121
1376561609.mp4,,377,121
1376561609.mp4,,2191,121
1376561609.mp4,,3815,121
2825662709.mp4,,360,121
2825662709.mp4,,1437,121
2825662709.mp4,,2874,121
documentary_14.mp4,,1410,121
documentary_14.mp4,,42656,121
documentary_14.mp4,,87432,121
2986885009.mp4,,4,121
2986885009.mp4,,2647,121
2986885009.mp4,,5792,121
5xb8rA50dJs.mp4,,137,121
5xb8rA50dJs.mp4,,2488,121
5xb8rA50dJs.mp4,,11203,121
wfMb98SFLhY.mp4,,208,121
wfMb98SFLhY.mp4,,4028,121
wfMb98SFLhY.mp4,,4567,121
KnowTheDrillTheTruthAboutNaturalGasDocumentaryHDmkv.mp4,,182,121
KnowTheDrillTheTruthAboutNaturalGasDocumentaryHDmkv.mp4,,39852,121
KnowTheDrillTheTruthAboutNaturalGasDocumentaryHDmkv.mp4,,80891,121
uQ1m35_G3C8.mp4,,10020,121
3895796209.mp4,,156,121
3895796209.mp4,,1139,121
3895796209.mp4,,1584,121
2649988109.mp4,,246,121
2649988109.mp4,,1421,121
2649988109.mp4,,2639,121
3515472009.mp4,,69,121
3515472009.mp4,,960,121
3515472009.mp4,,2285,121
RCmh83EHgbNkBx0Mi3NiLA__.mp4,,3,121
RCmh83EHgbNkBx0Mi3NiLA__.mp4,,1939,121
RCmh83EHgbNkBx0Mi3NiLA__.mp4,,3543,121
2614226909.mp4,,1155,121
2614226909.mp4,,4078,121
2614226909.mp4,,6421,121
2409176809.mp4,,5754,121
2323289609.mp4,,16,121
2323289609.mp4,,884,121
2323289609.mp4,,1464,121
GGwJRj4YaXI.mp4,,33,121
GGwJRj4YaXI.mp4,,3474,121
3354711409.mp4,,55,121
3354711409.mp4,,2082,121
3354711409.mp4,,3709,121
3135742609.mp4,,15,121
3135742609.mp4,,3297,121
3135742609.mp4,,6090,121
3549095709.mp4,,229,121
3549095709.mp4,,1516,121
3549095709.mp4,,2760,121
3469287009.mp4,,30,121
3469287009.mp4,,1535,121
3469287009.mp4,,3792,121
Q2BHJEFWb8s.mp4,,376,121
Q2BHJEFWb8s.mp4,,2527,121
Q2BHJEFWb8s.mp4,,3097,121
e7Vj53fUj30.mp4,,11,121
e7Vj53fUj30.mp4,,3320,121
e7Vj53fUj30.mp4,,7183,121
3221822209.mp4,,161,121
3221822209.mp4,,2681,121
3221822209.mp4,,5164,121
5UoZEHaGeKc.mp4,,416,121
5UoZEHaGeKc.mp4,,7077,121
4639366509.mp4,,28,121
4639366509.mp4,,1101,121
4639366509.mp4,,2272,121
2940121209.mp4,,72,121
2940121209.mp4,,2614,121
2940121209.mp4,,5305,121
rkcXcoyGBkU.mp4,,89,121
rkcXcoyGBkU.mp4,,2129,121
rkcXcoyGBkU.mp4,,4259,121
5TzSO3kd__Y.mp4,,195,121
5TzSO3kd__Y.mp4,,204,121
5TzSO3kd__Y.mp4,,5662,121
vWA~VhhrEFwPCI5BJU2lGA__.mp4,,928,121
vWA~VhhrEFwPCI5BJU2lGA__.mp4,,1087,121
vWA~VhhrEFwPCI5BJU2lGA__.mp4,,1133,121
4089343009.mp4,,43,121
4089343009.mp4,,952,121
4089343009.mp4,,1958,121
-4DMRCYZkHt7t0qOSAHfJA__.mp4,,129,121
-4DMRCYZkHt7t0qOSAHfJA__.mp4,,1089,121
-4DMRCYZkHt7t0qOSAHfJA__.mp4,,2649,121
~Zvp8grUdKgUUuEJ7vJ~~g__.mp4,,108,121
~Zvp8grUdKgUUuEJ7vJ~~g__.mp4,,1744,121
~Zvp8grUdKgUUuEJ7vJ~~g__.mp4,,3686,121
3042950909.mp4,,29,121
3042950909.mp4,,356,121
3042950909.mp4,,822,121
1371816909.mp4,,14,121
1371816909.mp4,,886,121
1371816909.mp4,,1545,121
KvxvZ0jHq0Y.mp4,,590,121
KvxvZ0jHq0Y.mp4,,2026,121
KvxvZ0jHq0Y.mp4,,3495,121
0_-JKu51UNc.mp4,,672,121
0_-JKu51UNc.mp4,,6305,121
0_-JKu51UNc.mp4,,10385,121
5152301809.mp4,,28,121
5152301809.mp4,,1013,121
5152301809.mp4,,2002,121
2650919009.mp4,,52,121
2650919009.mp4,,1839,121
2650919009.mp4,,3712,121
YAMC-BqYlZo.mp4,,187,121
YAMC-BqYlZo.mp4,,5430,121
YAMC-BqYlZo.mp4,,10205,121
3755841309.mp4,,313,121
3755841309.mp4,,3540,121
3755841309.mp4,,7149,121
lbT9gLODS-Z6CtGJCtfuzA__.mp4,,29,121
lbT9gLODS-Z6CtGJCtfuzA__.mp4,,2353,121
lbT9gLODS-Z6CtGJCtfuzA__.mp4,,3807,121
WNHn6xDsvP4.mp4,,451,121
WNHn6xDsvP4.mp4,,2647,121
WNHn6xDsvP4.mp4,,4985,121
3uU9tboAlxW2BFUcjSWgxg__.mp4,,68,121
3uU9tboAlxW2BFUcjSWgxg__.mp4,,941,121
3uU9tboAlxW2BFUcjSWgxg__.mp4,,2347,121
4984046009.mp4,,50,121
4984046009.mp4,,1197,121
4984046009.mp4,,2585,121
2999943209.mp4,,145,121
2999943209.mp4,,3073,121
2999943209.mp4,,6623,121
l8g62AYesbg.mp4,,642,121
l8g62AYesbg.mp4,,8669,121
l8g62AYesbg.mp4,,8969,121
4587315309.mp4,,106,121
4587315309.mp4,,4314,121
4587315309.mp4,,6102,121
EMziQiejgDo.mp4,,47,121
EMziQiejgDo.mp4,,4552,121
EMziQiejgDo.mp4,,12084,121
G_bMWSKQ4QE.mp4,,450,121
G_bMWSKQ4QE.mp4,,1876,121
G_bMWSKQ4QE.mp4,,2899,121
2374779609.mp4,,151,121
2374779609.mp4,,857,121
2374779609.mp4,,2063,121
BLtHKAs3zAU-mXL0RjJjVg__.mp4,,179,121
BLtHKAs3zAU-mXL0RjJjVg__.mp4,,3029,121
BLtHKAs3zAU-mXL0RjJjVg__.mp4,,3586,121
3582636409.mp4,,15,121
3582636409.mp4,,1532,121
3582636409.mp4,,4094,121
BCJPZtMidSE.mp4,,68,121
BCJPZtMidSE.mp4,,3310,121
BCJPZtMidSE.mp4,,6354,121
rlhNHyO9FMAgQycru5WOYQ__.mp4,,64,121
rlhNHyO9FMAgQycru5WOYQ__.mp4,,1402,121
rlhNHyO9FMAgQycru5WOYQ__.mp4,,2223,121
HTdDoWFg_y0.mp4,,313,121
HTdDoWFg_y0.mp4,,5298,121
HTdDoWFg_y0.mp4,,8046,121
2701059009.mp4,,209,121
2701059009.mp4,,2710,121
2701059009.mp4,,6815,121
toGx1YZP~GhDrExrd7uvAw__.mp4,,9,121
FQl79gGWt-0.mp4,,161,121
FQl79gGWt-0.mp4,,2411,121
FQl79gGWt-0.mp4,,6407,121
4359371709.mp4,,74,121
4359371709.mp4,,3442,121
4359371709.mp4,,6933,121
Fb13RDm6QkoY5ChTfXsc1A__.mp4,,53,121
Fb13RDm6QkoY5ChTfXsc1A__.mp4,,1139,121
Fb13RDm6QkoY5ChTfXsc1A__.mp4,,1979,121
2401738409.mp4,,26,121
2401738409.mp4,,1481,121
2401738409.mp4,,3224,121
Jnnyv6yhU-gV6uDGdxfgmA__.mp4,,35,121
4242826409.mp4,,9,121
4242826409.mp4,,1786,121
4242826409.mp4,,4633,121
LostColonyofRoanokeDocumentarymkv.mp4,,119,121
LostColonyofRoanokeDocumentarymkv.mp4,,27851,121
LostColonyofRoanokeDocumentarymkv.mp4,,74187,121
4903595709.mp4,,122,121
4903595709.mp4,,2644,121
4903595709.mp4,,4755,121
3073460909.mp4,,23,121
3073460909.mp4,,1046,121
3073460909.mp4,,2157,121
3802804809.mp4,,148,121
3802804809.mp4,,2626,121
3802804809.mp4,,7146,121
5084518909.mp4,,16,121
5084518909.mp4,,1666,121
5084518909.mp4,,3330,121
7lsExGxN7kE.mp4,,107,121
7lsExGxN7kE.mp4,,2303,121
7lsExGxN7kE.mp4,,4396,121
2548232809.mp4,,17,121
2548232809.mp4,,764,121
2548232809.mp4,,2653,121
2396721109.mp4,,12,121
2396721109.mp4,,2873,121
2396721109.mp4,,5896,121
kXkoN2M8Xm8.mp4,,40,121
kXkoN2M8Xm8.mp4,,2499,121
kXkoN2M8Xm8.mp4,,5502,121
5065372809.mp4,,103,121
5065372809.mp4,,942,121
5065372809.mp4,,3058,121
2998276609.mp4,,38,121
2998276609.mp4,,3250,121
2998276609.mp4,,5968,121
2106314909.mp4,,125,121
2106314909.mp4,,2483,121
2106314909.mp4,,6155,121
documentary_40.mp4,,157,121
documentary_40.mp4,,32548,121
documentary_40.mp4,,66696,121
pSy1OY20-Ko.mp4,,58,121
pSy1OY20-Ko.mp4,,3746,121
pSy1OY20-Ko.mp4,,7551,121
Pm4GgOEfOvE.mp4,,775,121
Pm4GgOEfOvE.mp4,,5122,121
Pm4GgOEfOvE.mp4,,10860,121
4108428709.mp4,,158,121
4108428709.mp4,,1553,121
4108428709.mp4,,2770,121
2722154609.mp4,,90,121
2722154609.mp4,,2860,121
2722154609.mp4,,6253,121
5184337509.mp4,,120,121
5184337509.mp4,,2639,121
5184337509.mp4,,4321,121
3VzmnjxmyCs.mp4,,369,121
3VzmnjxmyCs.mp4,,1696,121
3VzmnjxmyCs.mp4,,3976,121
kNS-YG2QPt4.mp4,,42,121
IixS6Lm9v70.mp4,,235,121
IixS6Lm9v70.mp4,,2538,121
IixS6Lm9v70.mp4,,4417,121
A-4BuejLsCw.mp4,,203,121
A-4BuejLsCw.mp4,,2638,121
A-4BuejLsCw.mp4,,5098,121
i16-Z3J3Sew.mp4,,166,121
i16-Z3J3Sew.mp4,,2321,121
i16-Z3J3Sew.mp4,,6501,121
EbEYv-keGh5TrewNmQIR4A__.mp4,,612,121
EbEYv-keGh5TrewNmQIR4A__.mp4,,1264,121
EbEYv-keGh5TrewNmQIR4A__.mp4,,1774,121
u_6fDbzg6DE.mp4,,2743,121
1390078809.mp4,,231,121
1390078809.mp4,,380,121
1390078809.mp4,,4654,121
1254613509.mp4,,12,121
1254613509.mp4,,698,121
1254613509.mp4,,3010,121
njj9KF0~QrrKf1HdGCF2AH0oq5wffKwo.mp4,,287,121
njj9KF0~QrrKf1HdGCF2AH0oq5wffKwo.mp4,,6710,121
njj9KF0~QrrKf1HdGCF2AH0oq5wffKwo.mp4,,13216,121
2725145809.mp4,,18,121
2725145809.mp4,,697,121
2725145809.mp4,,1825,121
9u40IcCHYak.mp4,,60,121
9u40IcCHYak.mp4,,5733,121
9u40IcCHYak.mp4,,7391,121
5135755809.mp4,,32,121
5135755809.mp4,,1559,121
5135755809.mp4,,4092,121
E4VunMmMXrc.mp4,,55,121
E4VunMmMXrc.mp4,,317,121
E4VunMmMXrc.mp4,,5573,121
DEFCONTheFullDocumentarymkv.mp4,,138,121
DEFCONTheFullDocumentarymkv.mp4,,94860,121
DEFCONTheFullDocumentarymkv.mp4,,199250,121
wLLomOAT~ZgFmKhPQ9xEhA__.mp4,,2664,121
wLLomOAT~ZgFmKhPQ9xEhA__.mp4,,2711,121
wLLomOAT~ZgFmKhPQ9xEhA__.mp4,,2909,121
ElisaTheDocumentarymkv.mp4,,70,121
ElisaTheDocumentarymkv.mp4,,46188,121
ElisaTheDocumentarymkv.mp4,,83449,121
M2ewvuNnoRs.mp4,,284,121
M2ewvuNnoRs.mp4,,4132,121
M2ewvuNnoRs.mp4,,9715,121
qEm2BSgblJ8.mp4,,2248,121
Bz~SeHEvfy9VEnpujkIj2Q__.mp4,,1391,121
Bz~SeHEvfy9VEnpujkIj2Q__.mp4,,1698,121
Bz~SeHEvfy9VEnpujkIj2Q__.mp4,,2058,121
c_AyI8sPPnU.mp4,,154,121
c_AyI8sPPnU.mp4,,1855,121
c_AyI8sPPnU.mp4,,3915,121
5467194309.mp4,,2,121
5467194309.mp4,,2436,121
5467194309.mp4,,5202,121
BlWkOtNgvcc.mp4,,53,121
BlWkOtNgvcc.mp4,,1943,121
BlWkOtNgvcc.mp4,,3322,121
7vFvltcO0a4.mp4,,47,121
7vFvltcO0a4.mp4,,2299,121
7vFvltcO0a4.mp4,,4865,121
4657647709.mp4,,43,121
4657647709.mp4,,2781,121
4657647709.mp4,,6052,121
5401763509.mp4,,164,121
5401763509.mp4,,3784,121
5401763509.mp4,,6953,121
8tT5l03Rbl0.mp4,,5,121
8tT5l03Rbl0.mp4,,1986,121
8tT5l03Rbl0.mp4,,3703,121
Q-8ay5BxInyQnweQ3x5mAA__.mp4,,252,121
Q-8ay5BxInyQnweQ3x5mAA__.mp4,,277,121
Q-8ay5BxInyQnweQ3x5mAA__.mp4,,979,121
R6Q0gk11YkI.mp4,,89,121
R6Q0gk11YkI.mp4,,4337,121
R6Q0gk11YkI.mp4,,12019,121
3PQZQ-3xdyo.mp4,,285,121
3PQZQ-3xdyo.mp4,,286,121
3PQZQ-3xdyo.mp4,,10516,121
wwXzEsECS3szpcW3SfSAWQ__.mp4,,106,121
wwXzEsECS3szpcW3SfSAWQ__.mp4,,220,121
wwXzEsECS3szpcW3SfSAWQ__.mp4,,427,121
cbLlg8oq-bA.mp4,,1071,121
cbLlg8oq-bA.mp4,,2558,121
cbLlg8oq-bA.mp4,,4743,121
5309243009.mp4,,21,121
5309243009.mp4,,1298,121
5309243009.mp4,,3739,121
4331278409.mp4,,10,121
4331278409.mp4,,2429,121
4331278409.mp4,,5530,121
f5uV4MxDhCjM~Z-PUhd8niBAFkJ0QL9A.mp4,,187,121
f5uV4MxDhCjM~Z-PUhd8niBAFkJ0QL9A.mp4,,257,121
nEFQb-VZBCQbudyxYEfO5g__.mp4,,11,121
nEFQb-VZBCQbudyxYEfO5g__.mp4,,752,121
nEFQb-VZBCQbudyxYEfO5g__.mp4,,812,121
3905104409.mp4,,33,121
3905104409.mp4,,1217,121
3905104409.mp4,,2291,121
5384890409.mp4,,56,121
5384890409.mp4,,686,121
5384890409.mp4,,1202,121
c~c0t1EGdJKM8neFpGbrmg__.mp4,,7,121
2878084909.mp4,,69,121
2878084909.mp4,,247,121
2878084909.mp4,,1047,121
z-Af8lwSlm8.mp4,,21,121
z-Af8lwSlm8.mp4,,1956,121
z-Af8lwSlm8.mp4,,3350,121
2101291009.mp4,,53,121
2101291009.mp4,,1798,121
2101291009.mp4,,3589,121
rCkICR9tclJEr2pGY4brpw__.mp4,,72,121
rCkICR9tclJEr2pGY4brpw__.mp4,,81,121
rCkICR9tclJEr2pGY4brpw__.mp4,,91,121
4579550909.mp4,,49,121
4579550909.mp4,,2553,121
4579550909.mp4,,5288,121
2271921309.mp4,,43,121
2271921309.mp4,,1381,121
2271921309.mp4,,2469,121
AFI3BeHDabs.mp4,,72,121
AFI3BeHDabs.mp4,,2074,121
AFI3BeHDabs.mp4,,4277,121
DqHxSzSr2j4.mp4,,123,121
DqHxSzSr2j4.mp4,,7911,121
DqHxSzSr2j4.mp4,,8530,121
4130221109.mp4,,26,121
4130221109.mp4,,3203,121
4130221109.mp4,,7071,121
519sAutApb0.mp4,,120,121
DYQjlcPZiPeGFP0khmMRQQcugHQgNGVS.mp4,,83,121
DYQjlcPZiPeGFP0khmMRQQcugHQgNGVS.mp4,,1588,121
DYQjlcPZiPeGFP0khmMRQQcugHQgNGVS.mp4,,2368,121
a4fiYRKCzqKOQv8MXk0vcg__.mp4,,278,121
a4fiYRKCzqKOQv8MXk0vcg__.mp4,,339,121
a4fiYRKCzqKOQv8MXk0vcg__.mp4,,604,121
d0SqY6vjb3o.mp4,,101,121
d0SqY6vjb3o.mp4,,2732,121
d0SqY6vjb3o.mp4,,5090,121
3978493209.mp4,,153,121
3978493209.mp4,,3429,121
3978493209.mp4,,7421,121
8TJBygUsD1c.mp4,,49,121
8TJBygUsD1c.mp4,,1549,121
8TJBygUsD1c.mp4,,3050,121
4394697709.mp4,,50,121
4394697709.mp4,,1645,121
4394697709.mp4,,2557,121
2723609109.mp4,,127,121
2723609109.mp4,,1680,121
2723609109.mp4,,2872,121
documentary_24.mp4,,181,121
documentary_24.mp4,,75305,121
documentary_24.mp4,,155556,121
2828837009.mp4,,521,121
2828837009.mp4,,2651,121
2828837009.mp4,,5401,121
MNUt_9LzZKw.mp4,,35,121
MNUt_9LzZKw.mp4,,1616,121
MNUt_9LzZKw.mp4,,3765,121
4971855809.mp4,,121,121
4971855809.mp4,,2639,121
4971855809.mp4,,6024,121
AN7A-lyAlJ8.mp4,,3406,121
AN7A-lyAlJ8.mp4,,7384,121
2268748809.mp4,,112,121
2268748809.mp4,,513,121
2268748809.mp4,,1622,121
-MTQD1H2pPk.mp4,,103,121
-MTQD1H2pPk.mp4,,1774,121
-MTQD1H2pPk.mp4,,4760,121
H2gbpFlWM0CMUT8056lP9w__.mp4,,45,121
H2gbpFlWM0CMUT8056lP9w__.mp4,,7418,121
H2gbpFlWM0CMUT8056lP9w__.mp4,,13807,121
iPtmXnWj6jk.mp4,,12,121
iPtmXnWj6jk.mp4,,1663,121
iPtmXnWj6jk.mp4,,3469,121
-PszeC0bAgE.mp4,,1173,121
-PszeC0bAgE.mp4,,9020,121
-PszeC0bAgE.mp4,,13152,121
1243068709.mp4,,148,121
1243068709.mp4,,1275,121
1243068709.mp4,,1835,121
4323010409.mp4,,8,121
4323010409.mp4,,3150,121
4323010409.mp4,,5720,121
2765065609.mp4,,4,121
2765065609.mp4,,3075,121
3376351709.mp4,,17,121
3376351709.mp4,,2854,121
3376351709.mp4,,4800,121
IvSfICV138x3wiFTfO2qdA__.mp4,,146,121
IvSfICV138x3wiFTfO2qdA__.mp4,,581,121
P6TOe2OczP8.mp4,,55,121
P6TOe2OczP8.mp4,,2735,121
P6TOe2OczP8.mp4,,5235,121
7ME2NWcU7Ms.mp4,,1185,121
7ME2NWcU7Ms.mp4,,3461,121
7ME2NWcU7Ms.mp4,,3780,121
5001031609.mp4,,170,121
5001031609.mp4,,2681,121
5001031609.mp4,,4189,121
xXxc9neQP_s.mp4,,285,121
xXxc9neQP_s.mp4,,1954,121
xXxc9neQP_s.mp4,,3091,121
9tlFrv8Zt5E.mp4,,617,121
9tlFrv8Zt5E.mp4,,4579,121
9tlFrv8Zt5E.mp4,,5458,121
QsZ5GPLbGFUTBB38P0jomg__.mp4,,1153,121
QsZ5GPLbGFUTBB38P0jomg__.mp4,,3792,121
QsZ5GPLbGFUTBB38P0jomg__.mp4,,6710,121
3354619409.mp4,,90,121
3354619409.mp4,,1151,121
3354619409.mp4,,2090,121
2215338809.mp4,,115,121
2215338809.mp4,,1498,121
2215338809.mp4,,2322,121
3146713109.mp4,,33,121
3146713109.mp4,,2222,121
3146713109.mp4,,3170,121
jjID6L6CUGOEoYoceliVmA__.mp4,,2841,121
9x3ly9X9TGk.mp4,,5198,121
UKQK8HTRYqI.mp4,,1316,121
UKQK8HTRYqI.mp4,,1992,121
UKQK8HTRYqI.mp4,,7265,121
4483098209.mp4,,49,121
4483098209.mp4,,1706,121
4483098209.mp4,,2626,121
-mAcDdZi53E.mp4,,231,121
-mAcDdZi53E.mp4,,1628,121
-mAcDdZi53E.mp4,,3616,121
x2m4mxdbDJslXksS~9qDGw__.mp4,,1243,121
x2m4mxdbDJslXksS~9qDGw__.mp4,,3694,121
x2m4mxdbDJslXksS~9qDGw__.mp4,,4077,121
OyGGn5f20-0.mp4,,90,121
OyGGn5f20-0.mp4,,2175,121
OyGGn5f20-0.mp4,,4114,121
2798960509.mp4,,21,121
2798960509.mp4,,1805,121
2798960509.mp4,,3802,121
4813948409.mp4,,98,121
4813948409.mp4,,3018,121
4813948409.mp4,,7074,121
P84lxEtzQ5o.mp4,,296,121
P84lxEtzQ5o.mp4,,3738,121
P84lxEtzQ5o.mp4,,7718,121
5E0bmgo7ZIVknrx6Kr9png__.mp4,,58,121
5E0bmgo7ZIVknrx6Kr9png__.mp4,,3427,121
5E0bmgo7ZIVknrx6Kr9png__.mp4,,7077,121
CGxNN3Gs_jU.mp4,,10,121
CGxNN3Gs_jU.mp4,,23,121
7MdWnYT_M5Q.mp4,,220,121
7MdWnYT_M5Q.mp4,,1336,121
7MdWnYT_M5Q.mp4,,2405,121
5410063409.mp4,,89,121
5410063409.mp4,,1354,121
5410063409.mp4,,3032,121
7nMT04yNr2E.mp4,,137,121
7nMT04yNr2E.mp4,,6891,121
7nMT04yNr2E.mp4,,12976,121
FeP1W1lJIfM.mp4,,27,121
FeP1W1lJIfM.mp4,,28,121
5317538309.mp4,,15,121
5317538309.mp4,,743,121
5317538309.mp4,,1436,121
documentary_16.mp4,,179,121
documentary_16.mp4,,68107,121
documentary_16.mp4,,144154,121
7gB-hDgswKY.mp4,,4061,121
7gB-hDgswKY.mp4,,10334,121
7gB-hDgswKY.mp4,,11802,121
5088805609.mp4,,166,121
5088805609.mp4,,2103,121
5088805609.mp4,,4410,121
5213724209.mp4,,110,121
5213724209.mp4,,953,121
5213724209.mp4,,1512,121
THPlCS-nMCmFOzbU0aOzMg__.mp4,,33,121
THPlCS-nMCmFOzbU0aOzMg__.mp4,,5916,121
THPlCS-nMCmFOzbU0aOzMg__.mp4,,10520,121
2453347609.mp4,,15,121
2453347609.mp4,,1771,121
2453347609.mp4,,4228,121
rQZ9_HyV7I8.mp4,,18,121
rQZ9_HyV7I8.mp4,,2470,121
rQZ9_HyV7I8.mp4,,3694,121
1406693209.mp4,,18,121
1406693209.mp4,,2799,121
1406693209.mp4,,7107,121
toLYpvFMYtY.mp4,,367,121
toLYpvFMYtY.mp4,,2782,121
toLYpvFMYtY.mp4,,4310,121
0f-G5DLL2Es.mp4,,800,121
0f-G5DLL2Es.mp4,,1375,121
0f-G5DLL2Es.mp4,,3729,121
018Ak6nyxbs.mp4,,18,121
018Ak6nyxbs.mp4,,1511,121
018Ak6nyxbs.mp4,,3723,121
4024046509.mp4,,50,121
4024046509.mp4,,2688,121
4024046509.mp4,,6153,121
4637158009.mp4,,2,121
4637158009.mp4,,907,121
4637158009.mp4,,2027,121
UXtzDutJls4.mp4,,179,121
UXtzDutJls4.mp4,,4151,121
UXtzDutJls4.mp4,,7185,121
4923766909.mp4,,12,121
4923766909.mp4,,1448,121
4923766909.mp4,,2037,121
jCYNAF4V8u4.mp4,,165,121
jCYNAF4V8u4.mp4,,3382,121
jCYNAF4V8u4.mp4,,7280,121
3606907709.mp4,,115,121
3606907709.mp4,,1416,121
3606907709.mp4,,3114,121
4549911509.mp4,,6,121
4549911509.mp4,,2752,121
4549911509.mp4,,6267,121
2905476609.mp4,,118,121
2905476609.mp4,,2367,121
2905476609.mp4,,6990,121
k5p-xH8NSHI.mp4,,154,121
k5p-xH8NSHI.mp4,,3290,121
k5p-xH8NSHI.mp4,,7238,121
4225214609.mp4,,6,121
4225214609.mp4,,2604,121
4225214609.mp4,,4179,121
Gtk473Rby3w.mp4,,1397,121
4769110209.mp4,,181,121
4769110209.mp4,,2112,121
4769110209.mp4,,4452,121
1d4DZSF4e04TtG1RHQ8Euw__.mp4,,119,121
1d4DZSF4e04TtG1RHQ8Euw__.mp4,,125,121
2745350709.mp4,,465,121
2745350709.mp4,,2723,121
2745350709.mp4,,6838,121
0jKQPJS2Jmi1YhbcuIVobQ__.mp4,,225,121
0jKQPJS2Jmi1YhbcuIVobQ__.mp4,,939,121
0jKQPJS2Jmi1YhbcuIVobQ__.mp4,,1674,121
4632564309.mp4,,12,121
4632564309.mp4,,2859,121
4632564309.mp4,,6583,121
Vh7fKZqz3qlfhS2zirP8CQ__.mp4,,678,121
Vh7fKZqz3qlfhS2zirP8CQ__.mp4,,2561,121
Vh7fKZqz3qlfhS2zirP8CQ__.mp4,,4520,121
ndjBbA1nzn4.mp4,,40,121
ndjBbA1nzn4.mp4,,2522,121
ndjBbA1nzn4.mp4,,4040,121
5207817609.mp4,,9,121
5207817609.mp4,,1156,121
5207817609.mp4,,1936,121
4575819609.mp4,,19,121
4575819609.mp4,,832,121
4575819609.mp4,,1932,121
vaZJVl~-~uGiafp~V5r8UA__.mp4,,139,121
vaZJVl~-~uGiafp~V5r8UA__.mp4,,11778,121
vaZJVl~-~uGiafp~V5r8UA__.mp4,,21430,121
9SkLg0WnRAU.mp4,,189,121
9SkLg0WnRAU.mp4,,1827,121
9SkLg0WnRAU.mp4,,3543,121
4705177209.mp4,,1385,121
4705177209.mp4,,1409,121
12IhSUOsQhE.mp4,,2829,121
2784982709.mp4,,20,121
2784982709.mp4,,1948,121
2784982709.mp4,,3580,121
YdIJTLKMmVUVjRB6mdnIDA__.mp4,,875,121
YdIJTLKMmVUVjRB6mdnIDA__.mp4,,2593,121
YdIJTLKMmVUVjRB6mdnIDA__.mp4,,4511,121
3110620709.mp4,,14,121
3110620709.mp4,,1029,121
3110620709.mp4,,1516,121
3630526709.mp4,,589,121
3630526709.mp4,,1914,121
3630526709.mp4,,2440,121
IQQp92x0YBQqjpspeFBhBBhi1zIze1ZH.mp4,,43,121
IQQp92x0YBQqjpspeFBhBBhi1zIze1ZH.mp4,,911,121
IQQp92x0YBQqjpspeFBhBBhi1zIze1ZH.mp4,,1891,121
~VBT68ltcYrIwb7LnwXcDg__.mp4,,74,121
~VBT68ltcYrIwb7LnwXcDg__.mp4,,82,121
mtW6X1b~vkADHps~8GEXfQ__.mp4,,5,121
mtW6X1b~vkADHps~8GEXfQ__.mp4,,1473,121
mtW6X1b~vkADHps~8GEXfQ__.mp4,,3849,121
3305558609.mp4,,4,121
3305558609.mp4,,1646,121
3305558609.mp4,,3395,121
p_nUIflaO2k.mp4,,721,121
p_nUIflaO2k.mp4,,3844,121
p_nUIflaO2k.mp4,,5564,121
2980809809.mp4,,378,121
2980809809.mp4,,2699,121
2980809809.mp4,,4760,121
5216731309.mp4,,4,121
5216731309.mp4,,1247,121
5216731309.mp4,,2534,121
5459398109.mp4,,77,121
5459398109.mp4,,1314,121
5459398109.mp4,,2910,121
4765990409.mp4,,79,121
4765990409.mp4,,883,121
4765990409.mp4,,1693,121
BqSBE9cyrG8.mp4,,256,121
BqSBE9cyrG8.mp4,,7811,121
BqSBE9cyrG8.mp4,,8889,121
z32lO44Z3yAI0OZ9Wl2lYA__.mp4,,45,121
z32lO44Z3yAI0OZ9Wl2lYA__.mp4,,5860,121
z32lO44Z3yAI0OZ9Wl2lYA__.mp4,,12195,121
2919941309.mp4,,24,121
2919941309.mp4,,1260,121
2919941309.mp4,,2973,121
5396382909.mp4,,21,121
5396382909.mp4,,1057,121
5396382909.mp4,,1723,121
s5gfWPa8mn62~vCnZhiI37UVzwZp3Ms7.mp4,,31,121
s5gfWPa8mn62~vCnZhiI37UVzwZp3Ms7.mp4,,569,121
s5gfWPa8mn62~vCnZhiI37UVzwZp3Ms7.mp4,,853,121
ZUj0_pJXiRI.mp4,,1002,121
ZUj0_pJXiRI.mp4,,4032,121
ycvCkdXmZy4.mp4,,125,121
ycvCkdXmZy4.mp4,,2774,121
ycvCkdXmZy4.mp4,,4942,121
5347289409.mp4,,120,121
5347289409.mp4,,1783,121
5347289409.mp4,,3740,121
d6oXxtYyu2c.mp4,,1433,121
d6oXxtYyu2c.mp4,,4645,121
d6oXxtYyu2c.mp4,,9173,121
4935371009.mp4,,219,121
4935371009.mp4,,2438,121
4935371009.mp4,,4363,121
-2e4jusnpgk.mp4,,28,121
-2e4jusnpgk.mp4,,1434,121
-2e4jusnpgk.mp4,,3768,121
4084794909.mp4,,25,121
4084794909.mp4,,2641,121
4084794909.mp4,,4147,121
2731650009.mp4,,53,121
2731650009.mp4,,2206,121
2731650009.mp4,,4237,121
Rbjna1Txnow.mp4,,389,121
Rbjna1Txnow.mp4,,1425,121
Rbjna1Txnow.mp4,,3556,121
Cl8G6pyViD8.mp4,,385,121
Cl8G6pyViD8.mp4,,4536,121
Cl8G6pyViD8.mp4,,7538,121
5ITTugOqfSA.mp4,,5438,121
ClIvOOHss3k.mp4,,384,121
ClIvOOHss3k.mp4,,1058,121
Wb5bkRujsqI.mp4,,40,121
Wb5bkRujsqI.mp4,,3716,121
Wb5bkRujsqI.mp4,,4991,121
-Rvn1Ic0-Yo.mp4,,130,121
-Rvn1Ic0-Yo.mp4,,1241,121
-Rvn1Ic0-Yo.mp4,,2575,121
a-CoCAOnfVE.mp4,,744,121
a-CoCAOnfVE.mp4,,1598,121
a-CoCAOnfVE.mp4,,4895,121
3982497609.mp4,,123,121
3982497609.mp4,,4587,121
3982497609.mp4,,8826,121
a6KIpoVWYwoPgUKqZInXFw__.mp4,,76,121
a6KIpoVWYwoPgUKqZInXFw__.mp4,,5694,121
a6KIpoVWYwoPgUKqZInXFw__.mp4,,8946,121
5268154009.mp4,,234,121
5268154009.mp4,,2627,121
5268154009.mp4,,3332,121
ARp3OQ4hxRf~561LiRAboQ__.mp4,,926,121
ARp3OQ4hxRf~561LiRAboQ__.mp4,,927,121
2742096309.mp4,,1624,121
2742096309.mp4,,4549,121
2742096309.mp4,,6201,121
DcEV_VBSdwo.mp4,,168,121
DcEV_VBSdwo.mp4,,4075,121
DcEV_VBSdwo.mp4,,7290,121
4674128009.mp4,,12,121
4674128009.mp4,,1738,121
4674128009.mp4,,3307,121
PCTQ6~4-JM4A1XF~rYoYPA__.mp4,,104,121
PCTQ6~4-JM4A1XF~rYoYPA__.mp4,,6883,121
PCTQ6~4-JM4A1XF~rYoYPA__.mp4,,14576,121
tATg2z8Ic9A.mp4,,1138,121
tATg2z8Ic9A.mp4,,2159,121
tATg2z8Ic9A.mp4,,4890,121
3760073409.mp4,,18,121
3760073409.mp4,,1931,121
3760073409.mp4,,3732,121
Tv9HoGuQcrg.mp4,,1792,121
Tv9HoGuQcrg.mp4,,1937,121
Tv9HoGuQcrg.mp4,,2747,121
wImBfix3iP0.mp4,,82,121
wImBfix3iP0.mp4,,1682,121
wImBfix3iP0.mp4,,4022,121
3080367309.mp4,,312,121
3080367309.mp4,,4193,121
3080367309.mp4,,6163,121
8AKl3rK3GKg.mp4,,99,121
8AKl3rK3GKg.mp4,,3201,121
8AKl3rK3GKg.mp4,,3736,121
2180972909.mp4,,17,121
2180972909.mp4,,1472,121
2180972909.mp4,,3215,121
2348131709.mp4,,16,121
2348131709.mp4,,2271,121
2348131709.mp4,,3966,121
B7KRBtBgHMiTrLlData4og__.mp4,,1459,121
B7KRBtBgHMiTrLlData4og__.mp4,,9936,121
B7KRBtBgHMiTrLlData4og__.mp4,,16737,121
J-psmxhKpvDljxZABGVz9g__.mp4,,2937,121
24OzAPSBYpWIXABfgVw5V2F17-fSqZLI.mp4,,148,121
24OzAPSBYpWIXABfgVw5V2F17-fSqZLI.mp4,,2466,121
24OzAPSBYpWIXABfgVw5V2F17-fSqZLI.mp4,,4898,121
T3PxGTP8HlA.mp4,,424,121
T3PxGTP8HlA.mp4,,5338,121
T3PxGTP8HlA.mp4,,7109,121
4535258309.mp4,,10,121
4535258309.mp4,,2431,121
4535258309.mp4,,4047,121
1397954409.mp4,,49,121
1397954409.mp4,,1565,121
1397954409.mp4,,4056,121
6b-Xkws7wKo.mp4,,29,121
6b-Xkws7wKo.mp4,,1263,121
6b-Xkws7wKo.mp4,,3430,121
0aquA3qwQiMkDT382FWBXA__.mp4,,515,121
Viq0EWcj7cs.mp4,,10793,121
Viq0EWcj7cs.mp4,,10921,121
Viq0EWcj7cs.mp4,,12703,121
documentary_9.mp4,,49,121
documentary_9.mp4,,64929,121
documentary_9.mp4,,171862,121
51GioOVrgew.mp4,,89,121
51GioOVrgew.mp4,,1289,121
51GioOVrgew.mp4,,6089,121
2953004509.mp4,,30,121
2953004509.mp4,,1871,121
2953004509.mp4,,4289,121
4797799709.mp4,,234,121
4797799709.mp4,,1543,121
4797799709.mp4,,3006,121
p0ROIk~sWW67ux~kFJBkdg__.mp4,,13,121
p0ROIk~sWW67ux~kFJBkdg__.mp4,,357,121
p0ROIk~sWW67ux~kFJBkdg__.mp4,,1263,121
2335374509.mp4,,432,121
2335374509.mp4,,1693,121
2335374509.mp4,,3392,121
fVApL5vgW9s.mp4,,807,121
fVApL5vgW9s.mp4,,7085,121
fVApL5vgW9s.mp4,,10320,121
twxRIpET09QxLIBn9ItuGw__.mp4,,24,121
twxRIpET09QxLIBn9ItuGw__.mp4,,41,121
twxRIpET09QxLIBn9ItuGw__.mp4,,108,121
2807333309.mp4,,147,121
2807333309.mp4,,1494,121
2807333309.mp4,,3081,121
2915868709.mp4,,33,121
2915868709.mp4,,72,121
2915868709.mp4,,3052,121
3728024309.mp4,,19,121
3728024309.mp4,,1258,121
3728024309.mp4,,3504,121
5328927009.mp4,,68,121
5328927009.mp4,,1230,121
5328927009.mp4,,2477,121
2638635909.mp4,,9,121
2638635909.mp4,,1247,121
2638635909.mp4,,1939,121
dLwytlDPondHumt6j4MuQQ__.mp4,,131,121
dLwytlDPondHumt6j4MuQQ__.mp4,,6808,121
dLwytlDPondHumt6j4MuQQ__.mp4,,13792,121
4291624409.mp4,,3659,121
5432519309.mp4,,3419,121
5432519309.mp4,,3541,121
UY4kELu0mAjhR4m7h1fC8Q__.mp4,,5171,121
5081501609.mp4,,6,121
5081501609.mp4,,1116,121
5081501609.mp4,,2088,121
D3E_36gV4WA.mp4,,64,121
D3E_36gV4WA.mp4,,6167,121
hFbcHTOmDIE.mp4,,614,121
hFbcHTOmDIE.mp4,,1995,121
hFbcHTOmDIE.mp4,,4976,121
documentary_21.mp4,,964,121
documentary_21.mp4,,94232,121
documentary_21.mp4,,139175,121
5FdeBkXK31A.mp4,,8841,121
5FdeBkXK31A.mp4,,8856,121
2082439809.mp4,,44,121
2082439809.mp4,,2990,121
2082439809.mp4,,3633,121
QQodz0zYKe4.mp4,,96,121
QQodz0zYKe4.mp4,,2335,121
QQodz0zYKe4.mp4,,8115,121
uZlsiBYwItHX9oD~ujyV5sDFak7gE0VY.mp4,,168,121
uZlsiBYwItHX9oD~ujyV5sDFak7gE0VY.mp4,,847,121
uZlsiBYwItHX9oD~ujyV5sDFak7gE0VY.mp4,,1287,121
3590074309.mp4,,1892,121
3590074309.mp4,,2984,121
3590074309.mp4,,4856,121
2112612609.mp4,,83,121
2112612609.mp4,,1651,121
2112612609.mp4,,2769,121
4535305609.mp4,,18,121
4535305609.mp4,,2094,121
4535305609.mp4,,4885,121
3143361009.mp4,,33,121
3143361009.mp4,,846,121
3143361009.mp4,,1416,121
ThZms4RjILo.mp4,,21,121
ThZms4RjILo.mp4,,2950,121
ThZms4RjILo.mp4,,5956,121
6NMnsoaGyts.mp4,,906,121
6NMnsoaGyts.mp4,,2209,121
6NMnsoaGyts.mp4,,4016,121
2351454609.mp4,,159,121
2351454609.mp4,,1855,121
2351454609.mp4,,3501,121
4549583009.mp4,,110,121
4549583009.mp4,,668,121
4549583009.mp4,,1340,121
dVB8xQ9-V2c.mp4,,65,121
dVB8xQ9-V2c.mp4,,2414,121
dVB8xQ9-V2c.mp4,,4604,121
5015224409.mp4,,56,121
5015224409.mp4,,1161,121
5015224409.mp4,,2916,121
4p6IkkB1wEA.mp4,,79,121
4p6IkkB1wEA.mp4,,6172,121
4p6IkkB1wEA.mp4,,7817,121
WzCf2xQqfsN8DUCwsZJv-sdQzZE~j8x7.mp4,,3,121
WzCf2xQqfsN8DUCwsZJv-sdQzZE~j8x7.mp4,,5788,121
WzCf2xQqfsN8DUCwsZJv-sdQzZE~j8x7.mp4,,12328,121
SuperCuteAnimals_Documentary2015mkv.mp4,,24,121
SuperCuteAnimals_Documentary2015mkv.mp4,,41909,121
SuperCuteAnimals_Documentary2015mkv.mp4,,79582,121
5389012509.mp4,,19,121
5389012509.mp4,,777,121
5389012509.mp4,,1632,121
EJLkN51g-VU.mp4,,151,121
EJLkN51g-VU.mp4,,2778,121
EJLkN51g-VU.mp4,,5653,121
4446867709.mp4,,106,121
4446867709.mp4,,1361,121
4446867709.mp4,,3043,121
B7Q9Uv-kv2E.mp4,,291,121
B7Q9Uv-kv2E.mp4,,4715,121
B7Q9Uv-kv2E.mp4,,6013,121
3040011009.mp4,,44,121
3040011009.mp4,,746,121
3040011009.mp4,,1933,121
2230296709.mp4,,336,121
2230296709.mp4,,1920,121
2230296709.mp4,,5786,121
SYqNQwkWi9o.mp4,,99,121
SYqNQwkWi9o.mp4,,1465,121
SYqNQwkWi9o.mp4,,3594,121
6DViH5Iu_1A.mp4,,309,121
6DViH5Iu_1A.mp4,,2855,121
6DViH5Iu_1A.mp4,,6749,121
W2etMSKeTck.mp4,,80,121
W2etMSKeTck.mp4,,4285,121
W2etMSKeTck.mp4,,9816,121
NnougsWKBMM.mp4,,70,121
2813004909.mp4,,112,121
2813004909.mp4,,3649,121
2813004909.mp4,,5348,121
ZvpN94M5IOTGZThcUD8A2Q__.mp4,,23,121
ZvpN94M5IOTGZThcUD8A2Q__.mp4,,3757,121
ZvpN94M5IOTGZThcUD8A2Q__.mp4,,8618,121
4824531309.mp4,,138,121
4824531309.mp4,,2369,121
4824531309.mp4,,3588,121
6LpPJ_AIYcg.mp4,,24,121
6LpPJ_AIYcg.mp4,,2797,121
6LpPJ_AIYcg.mp4,,5053,121
x4necBZwyAE.mp4,,231,121
x4necBZwyAE.mp4,,685,121
x4necBZwyAE.mp4,,903,121
5w07BzWg3_s.mp4,,2077,121
5w07BzWg3_s.mp4,,3181,121
5w07BzWg3_s.mp4,,4908,121
2306422109.mp4,,36,121
2306422109.mp4,,544,121
2306422109.mp4,,1386,121
3549950809.mp4,,59,121
3549950809.mp4,,3226,121
3549950809.mp4,,5656,121
BUWOjTYoc7k.mp4,,59,121
BUWOjTYoc7k.mp4,,159,121
BUWOjTYoc7k.mp4,,5518,121
9RjLMSD1dEM.mp4,,61,121
9RjLMSD1dEM.mp4,,2450,121
9RjLMSD1dEM.mp4,,5718,121
4616849709.mp4,,34,121
4616849709.mp4,,791,121
4616849709.mp4,,1505,121
2791230309.mp4,,2358,121
2791230309.mp4,,3388,121
2791230309.mp4,,4924,121
0yLd0t58JdaoqOH20G2gIQ__.mp4,,56,121
0yLd0t58JdaoqOH20G2gIQ__.mp4,,93,121
0yLd0t58JdaoqOH20G2gIQ__.mp4,,122,121
2648025909.mp4,,19,121
2648025909.mp4,,3438,121
2648025909.mp4,,7048,121
2822609209.mp4,,214,121
2822609209.mp4,,1807,121
2822609209.mp4,,6794,121
5016035709.mp4,,20,121
5016035709.mp4,,2188,121
5016035709.mp4,,3801,121
q-kZNG-_ceQ.mp4,,475,121
q-kZNG-_ceQ.mp4,,6647,121
q-kZNG-_ceQ.mp4,,9246,121
WR8AfNdIzFo.mp4,,59,121
WR8AfNdIzFo.mp4,,3896,121
WR8AfNdIzFo.mp4,,7792,121
2987612409.mp4,,60,121
2987612409.mp4,,2796,121
2987612409.mp4,,5345,121
wkmmRqewGdU.mp4,,40,121
wkmmRqewGdU.mp4,,8453,121
wkmmRqewGdU.mp4,,11750,121
UOWQW2DA6MI.mp4,,115,121
UOWQW2DA6MI.mp4,,1732,121
UOWQW2DA6MI.mp4,,3340,121
ae02iu5Vztm-ZGHBnn7hzQ__.mp4,,118,121
ae02iu5Vztm-ZGHBnn7hzQ__.mp4,,2132,121
ae02iu5Vztm-ZGHBnn7hzQ__.mp4,,4181,121
IwVgYinPeLmuDbvZ7HVp8Q__.mp4,,38,121
IwVgYinPeLmuDbvZ7HVp8Q__.mp4,,4794,121
IwVgYinPeLmuDbvZ7HVp8Q__.mp4,,9517,121
5GQGVJ4nFcw.mp4,,91,121
5GQGVJ4nFcw.mp4,,2032,121
5GQGVJ4nFcw.mp4,,6865,121
sNvSjQbRUO0.mp4,,203,121
sNvSjQbRUO0.mp4,,230,121
sNvSjQbRUO0.mp4,,617,121
lAlfflBrpDE.mp4,,117,121
lAlfflBrpDE.mp4,,1018,121
lAlfflBrpDE.mp4,,4155,121
2504374109.mp4,,67,121
2504374109.mp4,,1905,121
2504374109.mp4,,4496,121
4848020609.mp4,,8,121
4848020609.mp4,,898,121
4848020609.mp4,,1935,121
2844979409.mp4,,1282,121
2844979409.mp4,,3410,121
2844979409.mp4,,4650,121
5190546609.mp4,,85,121
5190546609.mp4,,804,121
5190546609.mp4,,1471,121
5386017309.mp4,,56,121
5386017309.mp4,,1340,121
5386017309.mp4,,2809,121
2373060709.mp4,,145,121
2373060709.mp4,,1643,121
2373060709.mp4,,3191,121
hdpSTCzEJB8.mp4,,57,121
hdpSTCzEJB8.mp4,,1518,121
hdpSTCzEJB8.mp4,,3172,121
uZpyNOE_5iM.mp4,,174,121
uZpyNOE_5iM.mp4,,1660,121
uZpyNOE_5iM.mp4,,3374,121
EK22ciaW74I.mp4,,38,121
EK22ciaW74I.mp4,,5111,121
EK22ciaW74I.mp4,,8318,121
qfMldxpsHDs.mp4,,3901,121
qfMldxpsHDs.mp4,,4607,121
4604164709.mp4,,47,121
4604164709.mp4,,1929,121
4604164709.mp4,,2996,121
VPAL2hwVzsA.mp4,,79,121
VPAL2hwVzsA.mp4,,5775,121
VPAL2hwVzsA.mp4,,6415,121
WB_vaZinZ70.mp4,,1632,121
WB_vaZinZ70.mp4,,4713,121
WB_vaZinZ70.mp4,,7494,121
Hf7GVC2_bn4.mp4,,664,121
Hf7GVC2_bn4.mp4,,2643,121
Hf7GVC2_bn4.mp4,,4440,121
2171116209.mp4,,19,121
2171116209.mp4,,1245,121
2171116209.mp4,,2076,121
3588753509.mp4,,325,121
3588753509.mp4,,2294,121
3588753509.mp4,,4335,121
ACdzNSLwWbg.mp4,,14,121
ACdzNSLwWbg.mp4,,2405,121
ACdzNSLwWbg.mp4,,4328,121
RuVLlrJbPjs.mp4,,551,121
RuVLlrJbPjs.mp4,,1842,121
RuVLlrJbPjs.mp4,,3072,121
3612715009.mp4,,186,121
3612715009.mp4,,1036,121
3612715009.mp4,,2025,121
SEjLVS2nJSk.mp4,,32,121
SEjLVS2nJSk.mp4,,4232,121
SEjLVS2nJSk.mp4,,6771,121
5415661609.mp4,,105,121
5415661609.mp4,,2035,121
5415661609.mp4,,3914,121
4640807909.mp4,,29,121
4640807909.mp4,,1748,121
4640807909.mp4,,3360,121
1319883909.mp4,,46,121
1319883909.mp4,,1508,121
1319883909.mp4,,2682,121
5dIqOnW60lg.mp4,,198,121
5dIqOnW60lg.mp4,,896,121
5dIqOnW60lg.mp4,,3895,121
3LCxksSofAk.mp4,,171,121
3LCxksSofAk.mp4,,1278,121
3LCxksSofAk.mp4,,3721,121
3557949009.mp4,,120,121
3557949009.mp4,,1146,121
3557949009.mp4,,1923,121
CqZ0lQX5vrNYeUL3kZzB6nfVKtb~G8zd.mp4,,1794,121
1uqk7Xdas1Y.mp4,,143,121
3pvMHh3_cu4.mp4,,154,121
3pvMHh3_cu4.mp4,,4946,121
3pvMHh3_cu4.mp4,,9471,121
A5CFOokSP4M.mp4,,1801,121
A5CFOokSP4M.mp4,,2811,121
A5CFOokSP4M.mp4,,7571,121
4938038409.mp4,,7,121
4938038409.mp4,,1210,121
4938038409.mp4,,2929,121
xw4sHp7Rs3M.mp4,,2785,121
xw4sHp7Rs3M.mp4,,4217,121
5181874309.mp4,,193,121
5181874309.mp4,,1826,121
5181874309.mp4,,3703,121
4839075609.mp4,,136,121
4839075609.mp4,,2213,121
4839075609.mp4,,4305,121
2689518109.mp4,,555,121
2689518109.mp4,,3423,121
2689518109.mp4,,7169,121
3351444009.mp4,,18,121
3351444009.mp4,,749,121
3351444009.mp4,,1415,121
3013428309.mp4,,21,121
3013428309.mp4,,3271,121
3013428309.mp4,,6216,121
2685594309.mp4,,555,121
2685594309.mp4,,783,121
2685594309.mp4,,3551,121
3992095609.mp4,,48,121
3992095609.mp4,,779,121
3992095609.mp4,,1936,121
4oljxKmeNz4.mp4,,145,121
4oljxKmeNz4.mp4,,1637,121
4oljxKmeNz4.mp4,,3314,121
ZHe_kQaBOmk.mp4,,21,121
ZHe_kQaBOmk.mp4,,831,121
ZHe_kQaBOmk.mp4,,10169,121
2843457909.mp4,,78,121
2843457909.mp4,,1606,121
2843457909.mp4,,2841,121
zQHGf5D5CmfunSJrlNcba1WIqhRnJM5~.mp4,,12,121
zQHGf5D5CmfunSJrlNcba1WIqhRnJM5~.mp4,,285,121
zQHGf5D5CmfunSJrlNcba1WIqhRnJM5~.mp4,,1539,121
pU7vneMxqUU.mp4,,175,121
pU7vneMxqUU.mp4,,4076,121
pU7vneMxqUU.mp4,,5349,121
TAYRGi0fjPE.mp4,,123,121
TAYRGi0fjPE.mp4,,2096,121
TAYRGi0fjPE.mp4,,4699,121
2405816909.mp4,,100,121
2405816909.mp4,,2968,121
2405816909.mp4,,6562,121
2772871109.mp4,,40,121
2772871109.mp4,,1470,121
2772871109.mp4,,3071,121
No_Ux9Qfo4E.mp4,,79,121
No_Ux9Qfo4E.mp4,,2563,121
No_Ux9Qfo4E.mp4,,5341,121
3022979409.mp4,,73,121
3022979409.mp4,,1346,121
3022979409.mp4,,4159,121
8eU8PqsFZWw.mp4,,12,121
8eU8PqsFZWw.mp4,,2005,121
8eU8PqsFZWw.mp4,,4372,121
8SqS0Um8c460zUXYGurhNw__.mp4,,16,121
8SqS0Um8c460zUXYGurhNw__.mp4,,48,121
8SqS0Um8c460zUXYGurhNw__.mp4,,101,121
4414140009.mp4,,95,121
4414140009.mp4,,2200,121
4414140009.mp4,,5154,121
1295342609.mp4,,12,121
1295342609.mp4,,2140,121
1295342609.mp4,,3726,121
2583639209.mp4,,22,121
2583639209.mp4,,1469,121
2583639209.mp4,,2712,121
S00ZSPrMvS0.mp4,,1,121
S00ZSPrMvS0.mp4,,1153,121
S00ZSPrMvS0.mp4,,5323,121
4811339809.mp4,,105,121
4811339809.mp4,,1329,121
4811339809.mp4,,2256,121
QoUCeT4KeI8.mp4,,9,121
QoUCeT4KeI8.mp4,,2706,121
QoUCeT4KeI8.mp4,,4992,121
DkfBg5rqNnJmdWdJQM1Nqg__.mp4,,651,121
DkfBg5rqNnJmdWdJQM1Nqg__.mp4,,7304,121
DkfBg5rqNnJmdWdJQM1Nqg__.mp4,,15396,121
2120356409.mp4,,31,121
2120356409.mp4,,412,121
2120356409.mp4,,808,121
AGDoiJ4H95A.mp4,,41,121
AGDoiJ4H95A.mp4,,4816,121
AGDoiJ4H95A.mp4,,9150,121
RoE1-fLO8TgEEtQtKDMfew__.mp4,,9,121
RoE1-fLO8TgEEtQtKDMfew__.mp4,,5611,121
RoE1-fLO8TgEEtQtKDMfew__.mp4,,10543,121
DycYUpYZOy0.mp4,,1085,121
DycYUpYZOy0.mp4,,3163,121
DycYUpYZOy0.mp4,,7122,121
4944910909.mp4,,155,121
4944910909.mp4,,968,121
4944910909.mp4,,1226,121
GNIsZC3uOM5aBsH79PlNVvpv-57Vv~s-.mp4,,129,121
GNIsZC3uOM5aBsH79PlNVvpv-57Vv~s-.mp4,,3460,121
GNIsZC3uOM5aBsH79PlNVvpv-57Vv~s-.mp4,,6600,121
BBCTheNativesThisisOurAmericaDocumentary2017mkv.mp4,,105,121
BBCTheNativesThisisOurAmericaDocumentary2017mkv.mp4,,32908,121
BBCTheNativesThisisOurAmericaDocumentary2017mkv.mp4,,67590,121
UQdRYma7ZxxbXtiNumJaPg__.mp4,,6690,121
R-LLzpR3GHw.mp4,,775,121
R-LLzpR3GHw.mp4,,1068,121
R-LLzpR3GHw.mp4,,4032,121
9GFtOUJIKAQ.mp4,,99,121
9GFtOUJIKAQ.mp4,,4200,121
9GFtOUJIKAQ.mp4,,8483,121
4670987109.mp4,,13,121
4670987109.mp4,,3321,121
4670987109.mp4,,6451,121
2579293309.mp4,,14,121
2579293309.mp4,,592,121
2579293309.mp4,,1199,121
3364201809.mp4,,47,121
3364201809.mp4,,1615,121
3364201809.mp4,,3351,121
1368080109.mp4,,5397,121
2859637509.mp4,,121,121
2859637509.mp4,,1646,121
2859637509.mp4,,3360,121
I1MotAC4CPc.mp4,,152,121
I1MotAC4CPc.mp4,,2882,121
I1MotAC4CPc.mp4,,7443,121
uakdncDSMv8.mp4,,359,121
uakdncDSMv8.mp4,,944,121
uakdncDSMv8.mp4,,11721,121
BZS-aTJAD3g.mp4,,2519,121
BZS-aTJAD3g.mp4,,3404,121
BZS-aTJAD3g.mp4,,4392,121
qejewDjVyGL~D1dpQ7xvFsqTcadUxlu~.mp4,,208,121
qejewDjVyGL~D1dpQ7xvFsqTcadUxlu~.mp4,,1489,121
qejewDjVyGL~D1dpQ7xvFsqTcadUxlu~.mp4,,3590,121
2Y5YXMdnmXTI823DvEgBbA__.mp4,,39,121
2Y5YXMdnmXTI823DvEgBbA__.mp4,,3500,121
2Y5YXMdnmXTI823DvEgBbA__.mp4,,8225,121
5308282109.mp4,,70,121
5308282109.mp4,,3014,121
5308282109.mp4,,5363,121
ANnlkjBmz_4.mp4,,124,121
ANnlkjBmz_4.mp4,,3118,121
ANnlkjBmz_4.mp4,,5583,121
AGkGGwFqKsU.mp4,,88,121
AGkGGwFqKsU.mp4,,3606,121
AGkGGwFqKsU.mp4,,13709,121
sN5i_l0HnHc.mp4,,584,121
sN5i_l0HnHc.mp4,,1728,121
sN5i_l0HnHc.mp4,,3961,121
2NKAUzO5hMUvJ--X~OJ-vQ__.mp4,,74,121
2112609709.mp4,,12,121
2112609709.mp4,,1452,121
2112609709.mp4,,5386,121
TvMcYLVBHkk.mp4,,216,121
TvMcYLVBHkk.mp4,,5923,121
TvMcYLVBHkk.mp4,,14445,121
PaUCZuXoPYnULUi~y0pxCw__.mp4,,68,121
PaUCZuXoPYnULUi~y0pxCw__.mp4,,84,121
PaUCZuXoPYnULUi~y0pxCw__.mp4,,119,121
3707021409.mp4,,170,121
3707021409.mp4,,2543,121
3707021409.mp4,,4163,121
5YGSiOVuSKQ.mp4,,2114,121
5YGSiOVuSKQ.mp4,,2852,121
5YGSiOVuSKQ.mp4,,8839,121
065ycCas_ek.mp4,,468,121
065ycCas_ek.mp4,,3045,121
065ycCas_ek.mp4,,3326,121
brMDERV4XVI.mp4,,3129,121
5210836309.mp4,,21,121
5210836309.mp4,,2731,121
5210836309.mp4,,5409,121
6jyuCZZZObJPcoMhZKKUKg__.mp4,,52,121
6jyuCZZZObJPcoMhZKKUKg__.mp4,,180,121
6jyuCZZZObJPcoMhZKKUKg__.mp4,,394,121
XO1vXeGR9PX5SuaV~Ysm1A__.mp4,,187,121
XO1vXeGR9PX5SuaV~Ysm1A__.mp4,,7324,121
XO1vXeGR9PX5SuaV~Ysm1A__.mp4,,15549,121
4246223709.mp4,,148,121
4246223709.mp4,,2187,121
4246223709.mp4,,3725,121
4610630009.mp4,,16,121
4610630009.mp4,,1231,121
4610630009.mp4,,2451,121
UESMVosGl3Q.mp4,,1807,121
UESMVosGl3Q.mp4,,1813,121
K4I8AUjJQmQFlP4iScCI9w__.mp4,,543,121
K4I8AUjJQmQFlP4iScCI9w__.mp4,,3834,121
K4I8AUjJQmQFlP4iScCI9w__.mp4,,7106,121
4326836409.mp4,,113,121
4326836409.mp4,,371,121
4326836409.mp4,,1253,121
2121318709.mp4,,57,121
2121318709.mp4,,1254,121
2121318709.mp4,,2658,121
GZaoELR5nvM.mp4,,5186,121
GZaoELR5nvM.mp4,,5602,121
2283207809.mp4,,29,121
2283207809.mp4,,1317,121
2283207809.mp4,,2653,121
McXlgHteq5w.mp4,,292,121
McXlgHteq5w.mp4,,3602,121
4590825109.mp4,,3,121
4590825109.mp4,,2380,121
4590825109.mp4,,5907,121
X5pmU3mOmmE.mp4,,80,121
X5pmU3mOmmE.mp4,,176,121
X5pmU3mOmmE.mp4,,2113,121
5153640409.mp4,,7,121
5153640409.mp4,,1127,121
5153640409.mp4,,2175,121
3860015809.mp4,,90,121
3860015809.mp4,,1151,121
3860015809.mp4,,2090,121
zvAIltNgLfVD2~M9kX7QGLhzevkY4Kxm.mp4,,17,121
zvAIltNgLfVD2~M9kX7QGLhzevkY4Kxm.mp4,,2290,121
zvAIltNgLfVD2~M9kX7QGLhzevkY4Kxm.mp4,,5263,121
5x6XyhjE0yA.mp4,,149,121
5x6XyhjE0yA.mp4,,2782,121
5x6XyhjE0yA.mp4,,4045,121
2319727809.mp4,,193,121
2319727809.mp4,,2394,121
2319727809.mp4,,5262,121
5360546609.mp4,,75,121
5360546609.mp4,,1182,121
5360546609.mp4,,2358,121
FCod0zhKwTU.mp4,,411,121
FCod0zhKwTU.mp4,,3391,121
FCod0zhKwTU.mp4,,7351,121
a3EFlxe1fis.mp4,,107,121
a3EFlxe1fis.mp4,,4580,121
a3EFlxe1fis.mp4,,9688,121
4406248809.mp4,,232,121
4406248809.mp4,,1325,121
4406248809.mp4,,2089,121
4026394609.mp4,,20,121
4026394609.mp4,,2643,121
4026394609.mp4,,4396,121
8TICtCbE2nc.mp4,,89,121
8TICtCbE2nc.mp4,,1779,121
8TICtCbE2nc.mp4,,3728,121
OAuQOg0H33w.mp4,,974,121
OAuQOg0H33w.mp4,,2278,121
OAuQOg0H33w.mp4,,7050,121
IyYY4KDUDqk.mp4,,660,121
IyYY4KDUDqk.mp4,,8324,121
IyYY4KDUDqk.mp4,,13486,121
ABUG1tZPZpY.mp4,,96,121
ABUG1tZPZpY.mp4,,471,121
ABUG1tZPZpY.mp4,,1989,121
8~FL0pD88SphAMCUmfTfJw__.mp4,,52,121
8~FL0pD88SphAMCUmfTfJw__.mp4,,1127,121
8~FL0pD88SphAMCUmfTfJw__.mp4,,3039,121
dvabnYgfMas.mp4,,719,121
dvabnYgfMas.mp4,,1944,121
dvabnYgfMas.mp4,,5863,121
rxUKaO6uzAk.mp4,,182,121
rxUKaO6uzAk.mp4,,1396,121
rxUKaO6uzAk.mp4,,3016,121
AOb_7JgvxdQ.mp4,,2,121
AOb_7JgvxdQ.mp4,,4941,121
AOb_7JgvxdQ.mp4,,13329,121
xN8thKKPDSic6u2NMKu-4g__.mp4,,11,121
xN8thKKPDSic6u2NMKu-4g__.mp4,,1413,121
xN8thKKPDSic6u2NMKu-4g__.mp4,,3033,121
QUX9vG0Av7aPkirB1vk-Rg__.mp4,,119,121
QUX9vG0Av7aPkirB1vk-Rg__.mp4,,765,121
QUX9vG0Av7aPkirB1vk-Rg__.mp4,,1661,121
2713778309.mp4,,26,121
2713778309.mp4,,920,121
2713778309.mp4,,2464,121
FsUjwEJeqJA.mp4,,59,121
FsUjwEJeqJA.mp4,,4083,121
FsUjwEJeqJA.mp4,,4183,121
OJza-7Rjvq~wEGMBqF8eGQ__.mp4,,45,121
OJza-7Rjvq~wEGMBqF8eGQ__.mp4,,5817,121
OJza-7Rjvq~wEGMBqF8eGQ__.mp4,,12195,121
4191608109.mp4,,72,121
4191608109.mp4,,2743,121
4191608109.mp4,,4520,121
5106620009.mp4,,138,121
5106620009.mp4,,906,121
5106620009.mp4,,1701,121
5184910109.mp4,,36,121
5184910109.mp4,,1157,121
5184910109.mp4,,2343,121
2172350809.mp4,,40,121
2172350809.mp4,,2300,121
2172350809.mp4,,3387,121
Z5hEhOUE-QE.mp4,,89,121
Z5hEhOUE-QE.mp4,,1729,121
Z5hEhOUE-QE.mp4,,3388,121
XSLDd5JW0fM.mp4,,392,121
XSLDd5JW0fM.mp4,,2790,121
XSLDd5JW0fM.mp4,,5282,121
TUTG4Iu3Cmw.mp4,,429,121
TUTG4Iu3Cmw.mp4,,3147,121
TUTG4Iu3Cmw.mp4,,5565,121
J8FyWTMavCA.mp4,,14,121
J8FyWTMavCA.mp4,,2438,121
J8FyWTMavCA.mp4,,7275,121
Pbq9MnXgfuI.mp4,,2116,121
Pbq9MnXgfuI.mp4,,4996,121
Pbq9MnXgfuI.mp4,,7962,121
BY~Dr5DcmDvVZ77WH2B1LQ__.mp4,,24,121
BY~Dr5DcmDvVZ77WH2B1LQ__.mp4,,70,121
BY~Dr5DcmDvVZ77WH2B1LQ__.mp4,,102,121
SRFnKUzCBLA.mp4,,10,121
SRFnKUzCBLA.mp4,,1584,121
SRFnKUzCBLA.mp4,,4381,121
5064759009.mp4,,56,121
5064759009.mp4,,2353,121
5064759009.mp4,,4649,121
3712939609.mp4,,53,121
3712939609.mp4,,480,121
3712939609.mp4,,1292,121
TheCollapseofTheSovietUnionADocumentaryFilm2006mkv.mp4,,15,121
TheCollapseofTheSovietUnionADocumentaryFilm2006mkv.mp4,,41719,121
TheCollapseofTheSovietUnionADocumentaryFilm2006mkv.mp4,,91599,121
2908050609.mp4,,2372,121
2908050609.mp4,,2661,121
2908050609.mp4,,4116,121
5B4m9uhXtQg.mp4,,78,121
5B4m9uhXtQg.mp4,,3410,121
5B4m9uhXtQg.mp4,,7260,121
3921266709.mp4,,30,121
3921266709.mp4,,1731,121
3921266709.mp4,,2987,121
E0vzCL3CYWc.mp4,,170,121
E0vzCL3CYWc.mp4,,2918,121
E0vzCL3CYWc.mp4,,6301,121
mE7bi6~DK6LMZntWy5Gg1W-bl~lPHIzW.mp4,,33,121
mE7bi6~DK6LMZntWy5Gg1W-bl~lPHIzW.mp4,,4346,121
mE7bi6~DK6LMZntWy5Gg1W-bl~lPHIzW.mp4,,8973,121
MA1j3QWvYBQ.mp4,,365,121
MA1j3QWvYBQ.mp4,,1003,121
MA1j3QWvYBQ.mp4,,1194,121
3869274909.mp4,,446,121
3869274909.mp4,,1855,121
3869274909.mp4,,3763,121
vi7A9QDd7Ks.mp4,,61,121
vi7A9QDd7Ks.mp4,,1636,121
vi7A9QDd7Ks.mp4,,4061,121
GreekMythologyGodandGoddessesDocumentarymkv.mp4,,8,121
GreekMythologyGodandGoddessesDocumentarymkv.mp4,,84103,121
GreekMythologyGodandGoddessesDocumentarymkv.mp4,,159749,121
ER1PJQBbxUZUveQLO08iUA__.mp4,,76,121
ER1PJQBbxUZUveQLO08iUA__.mp4,,4265,121
ER1PJQBbxUZUveQLO08iUA__.mp4,,6503,121
YggC06WRCNk.mp4,,308,121
YggC06WRCNk.mp4,,1713,121
YggC06WRCNk.mp4,,4973,121
7dNjAwxh45A.mp4,,7140,121
4708793809.mp4,,24,121
4708793809.mp4,,1802,121
4708793809.mp4,,4214,121
2302733909.mp4,,21,121
2302733909.mp4,,1381,121
2302733909.mp4,,2867,121
3140769309.mp4,,125,121
3140769309.mp4,,887,121
3140769309.mp4,,2271,121
Yfy3K2khIGY.mp4,,3538,121
Yfy3K2khIGY.mp4,,3564,121
3473391509.mp4,,2698,121
pAlOOfYJpXQkvS6AF7BfEg__.mp4,,25,121
pAlOOfYJpXQkvS6AF7BfEg__.mp4,,77,121
pAlOOfYJpXQkvS6AF7BfEg__.mp4,,110,121
4622084309.mp4,,74,121
4622084309.mp4,,3431,121
4622084309.mp4,,7368,121
2768170209.mp4,,34,121
2768170209.mp4,,1035,121
2768170209.mp4,,1311,121
5421041109.mp4,,77,121
5421041109.mp4,,871,121
5421041109.mp4,,1542,121
qdq6pGMIqjI.mp4,,314,121
qdq6pGMIqjI.mp4,,3492,121
qdq6pGMIqjI.mp4,,7209,121
pvOcQBsYg5Q2UlLbMfr-Ww__.mp4,,8,121
pvOcQBsYg5Q2UlLbMfr-Ww__.mp4,,72,121
pvOcQBsYg5Q2UlLbMfr-Ww__.mp4,,205,121
m-Hhx-2WC~DnOdnBnUnCYg__.mp4,,135,121
3171366609.mp4,,75,121
3171366609.mp4,,588,121
3171366609.mp4,,1488,121
documentary_29.mp4,,127,121
documentary_29.mp4,,34678,121
documentary_29.mp4,,72629,121
Nyar7S0MiCs.mp4,,3913,121
Nyar7S0MiCs.mp4,,7015,121
Nyar7S0MiCs.mp4,,9692,121
T6jEy0Sw5n8.mp4,,6,121
T6jEy0Sw5n8.mp4,,1848,121
T6jEy0Sw5n8.mp4,,5882,121
ExploreTheMilkyWayGalaxyDocumentaryHDmkv.mp4,,309,121
ExploreTheMilkyWayGalaxyDocumentaryHDmkv.mp4,,70364,121
ExploreTheMilkyWayGalaxyDocumentaryHDmkv.mp4,,143324,121
zFv1ixHaDD54oiBfyFUmAQ__.mp4,,62,121
zFv1ixHaDD54oiBfyFUmAQ__.mp4,,5910,121
zFv1ixHaDD54oiBfyFUmAQ__.mp4,,10888,121
3PaZlxCwdFs.mp4,,10336,121
juVPcMFoncGY2aviT0sk995lJdk_.mp4,,51,121
juVPcMFoncGY2aviT0sk995lJdk_.mp4,,10853,121
juVPcMFoncGY2aviT0sk995lJdk_.mp4,,17882,121
xi4NAOILLpsHHmcKVktUgQ__.mp4,,101,121
xi4NAOILLpsHHmcKVktUgQ__.mp4,,983,121
xi4NAOILLpsHHmcKVktUgQ__.mp4,,2004,121
2128757909.mp4,,35,121
2128757909.mp4,,1251,121
2128757909.mp4,,3909,121
1210980209.mp4,,52,121
1210980209.mp4,,2654,121
1210980209.mp4,,5658,121
3965807109.mp4,,7,121
3965807109.mp4,,2314,121
3965807109.mp4,,5232,121
9PFt9IpA3pI.mp4,,153,121
9PFt9IpA3pI.mp4,,2051,121
9PFt9IpA3pI.mp4,,5900,121
eYsBqUtEM6o.mp4,,68,121
eYsBqUtEM6o.mp4,,2415,121
eYsBqUtEM6o.mp4,,4073,121
0KNcJeA4wCQKpl5Yj5zRQ2VSws5G1SAD.mp4,,3371,121
R_owKrD5okM.mp4,,106,121
R_owKrD5okM.mp4,,1870,121
R_owKrD5okM.mp4,,4443,121
2815701409.mp4,,29,121
2815701409.mp4,,2845,121
2815701409.mp4,,4910,121
N4HOWsgyu3ZtY2sS5YZSYHx-F7YH5E6Z.mp4,,401,121
N4HOWsgyu3ZtY2sS5YZSYHx-F7YH5E6Z.mp4,,672,121
4662568409.mp4,,43,121
4662568409.mp4,,2681,121
4662568409.mp4,,4879,121
5R5iaONjXL8.mp4,,5173,121
4792711009.mp4,,4,121
4792711009.mp4,,1633,121
4792711009.mp4,,3318,121
5233343509.mp4,,239,121
5233343509.mp4,,991,121
5233343509.mp4,,1930,121
5SdFQUlcrWs.mp4,,359,121
5SdFQUlcrWs.mp4,,2589,121
5SdFQUlcrWs.mp4,,4930,121
5439435509.mp4,,305,121
5439435509.mp4,,3493,121
5439435509.mp4,,6358,121
4609134809.mp4,,675,121
4609134809.mp4,,1675,121
4609134809.mp4,,2649,121
5425862509.mp4,,41,121
5425862509.mp4,,1082,121
5425862509.mp4,,2316,121
documentary_46.mp4,,74,121
documentary_46.mp4,,33327,121
documentary_46.mp4,,71021,121
ZpwKqNv7hWA.mp4,,156,121
ZpwKqNv7hWA.mp4,,6284,121
ZpwKqNv7hWA.mp4,,12896,121
2SX7muU1SRyGa1~zsEosm3IaliTztSW0.mp4,,5,121
2SX7muU1SRyGa1~zsEosm3IaliTztSW0.mp4,,1668,121
2SX7muU1SRyGa1~zsEosm3IaliTztSW0.mp4,,4522,121
R5_n290y6VQ.mp4,,2474,121
R5_n290y6VQ.mp4,,2796,121
R5_n290y6VQ.mp4,,3048,121
nW9RNbAzvmQ.mp4,,8,121
nW9RNbAzvmQ.mp4,,2878,121
nW9RNbAzvmQ.mp4,,9267,121
SPUC0R2ciwo.mp4,,270,121
SPUC0R2ciwo.mp4,,4077,121
SPUC0R2ciwo.mp4,,9925,121
K-kUgK17aIM.mp4,,449,121
K-kUgK17aIM.mp4,,1529,121
K-kUgK17aIM.mp4,,3633,121
A5uLIjHNmRI.mp4,,119,121
A5uLIjHNmRI.mp4,,1795,121
A5uLIjHNmRI.mp4,,4692,121
4590727909.mp4,,3,121
4590727909.mp4,,611,121
4590727909.mp4,,1229,121
Vkme0BiCmkwtLzVRmaUGqqLwD08NPwP3.mp4,,20,121
Vkme0BiCmkwtLzVRmaUGqqLwD08NPwP3.mp4,,61,121
5150130809.mp4,,56,121
5150130809.mp4,,960,121
5150130809.mp4,,1779,121
DoESR4TLIDk.mp4,,989,121
DoESR4TLIDk.mp4,,7371,121
4933679309.mp4,,41,121
4933679309.mp4,,2029,121
4933679309.mp4,,4283,121
1UWypYOouOo.mp4,,248,121
1UWypYOouOo.mp4,,2136,121
1UWypYOouOo.mp4,,3708,121
2811064309.mp4,,79,121
2811064309.mp4,,1075,121
2811064309.mp4,,2191,121
2867762709.mp4,,76,121
2867762709.mp4,,4905,121
2867762709.mp4,,5190,121
3034878409.mp4,,181,121
3034878409.mp4,,1488,121
3034878409.mp4,,3031,121
VcxX2YnFRzc.mp4,,63,121
VcxX2YnFRzc.mp4,,3769,121
VcxX2YnFRzc.mp4,,7093,121
BtUAb1VtH_E.mp4,,51,121
BtUAb1VtH_E.mp4,,2110,121
BtUAb1VtH_E.mp4,,4581,121
Vc6dgh9A0DI.mp4,,150,121
Vc6dgh9A0DI.mp4,,4901,121
Vc6dgh9A0DI.mp4,,6416,121
mvRyqJRVjLMr5dkwa4rbHQ__.mp4,,60,121
mvRyqJRVjLMr5dkwa4rbHQ__.mp4,,72,121
3448019909.mp4,,33,121
3448019909.mp4,,1125,121
3448019909.mp4,,1652,121
5254917509.mp4,,58,121
5254917509.mp4,,654,121
5254917509.mp4,,1492,121
t4py-OC3Ve7OP6fey0fokw__.mp4,,241,121
t4py-OC3Ve7OP6fey0fokw__.mp4,,2612,121
t4py-OC3Ve7OP6fey0fokw__.mp4,,5529,121
ubcbObnU2CDKGaDGUXN03Q__.mp4,,17,121
ubcbObnU2CDKGaDGUXN03Q__.mp4,,53,121
ubcbObnU2CDKGaDGUXN03Q__.mp4,,97,121
3798368709.mp4,,71,121
3798368709.mp4,,2461,121
3798368709.mp4,,5391,121
4045930709.mp4,,147,121
4045930709.mp4,,2455,121
4045930709.mp4,,4146,121
3613106809.mp4,,134,121
3613106809.mp4,,2069,121
3613106809.mp4,,4044,121
-VrS5_wB02U.mp4,,62,121
-VrS5_wB02U.mp4,,1375,121
-VrS5_wB02U.mp4,,2744,121
2078117009.mp4,,641,121
2078117009.mp4,,2865,121
2078117009.mp4,,5986,121
5094705109.mp4,,291,121
5094705109.mp4,,1012,121
5094705109.mp4,,1762,121
SuB1LyAqBw4.mp4,,611,121
dsRY8EeYkHo.mp4,,296,121
dsRY8EeYkHo.mp4,,2715,121
dsRY8EeYkHo.mp4,,5125,121
3394122709.mp4,,90,121
3394122709.mp4,,1151,121
3394122709.mp4,,2090,121
Ol9ysPylETQ.mp4,,2171,121
Ol9ysPylETQ.mp4,,4191,121
2295109909.mp4,,358,121
2295109909.mp4,,1971,121
2295109909.mp4,,3543,121
3341429109.mp4,,1317,121
m5LJUV3gcAYS2Tai0kHJog__.mp4,,590,121
m5LJUV3gcAYS2Tai0kHJog__.mp4,,4039,121
m5LJUV3gcAYS2Tai0kHJog__.mp4,,7779,121
3mEe0kz_R-4.mp4,,1209,121
3736714409.mp4,,9,121
3736714409.mp4,,578,121
3736714409.mp4,,1064,121
pBNqVyH4wRQ.mp4,,363,121
pBNqVyH4wRQ.mp4,,4014,121
pBNqVyH4wRQ.mp4,,6458,121
2784886009.mp4,,521,121
2784886009.mp4,,2471,121
2784886009.mp4,,5402,121
4216844709.mp4,,309,121
4216844709.mp4,,1860,121
4216844709.mp4,,4183,121
kXh_aE0NOhQ.mp4,,111,121
kXh_aE0NOhQ.mp4,,1986,121
kXh_aE0NOhQ.mp4,,4053,121
2732661209.mp4,,284,121
2732661209.mp4,,1502,121
2732661209.mp4,,2330,121
1kV3jRMu9BBjZJDnuO7wbKdtrYioekvd.mp4,,54,121
1kV3jRMu9BBjZJDnuO7wbKdtrYioekvd.mp4,,5339,121
1kV3jRMu9BBjZJDnuO7wbKdtrYioekvd.mp4,,9399,121
3868971609.mp4,,35,121
3868971609.mp4,,1903,121
3868971609.mp4,,3955,121
2638672009.mp4,,22,121
2638672009.mp4,,2725,121
2638672009.mp4,,5476,121
5151235209.mp4,,22,121
5151235209.mp4,,818,121
5151235209.mp4,,1371,121
5hlqTPI82Z3CtLWpT2Ap-w__.mp4,,397,121
5hlqTPI82Z3CtLWpT2Ap-w__.mp4,,712,121
5hlqTPI82Z3CtLWpT2Ap-w__.mp4,,1129,121
osUvBAQ-Who.mp4,,76,121
osUvBAQ-Who.mp4,,2412,121
ILYRQy8YEKMHkx7LrLHlqYMprwVtasM9.mp4,,566,121
ILYRQy8YEKMHkx7LrLHlqYMprwVtasM9.mp4,,8142,121
ILYRQy8YEKMHkx7LrLHlqYMprwVtasM9.mp4,,12621,121
OxI0ZdQxs2QJ6xxAplXCPw__.mp4,,83,121
5225359009.mp4,,48,121
5225359009.mp4,,951,121
5225359009.mp4,,1801,121
c4fclokpMWkxLCj8auteRUtNtegeJN6n.mp4,,69,121
c4fclokpMWkxLCj8auteRUtNtegeJN6n.mp4,,1095,121
c4fclokpMWkxLCj8auteRUtNtegeJN6n.mp4,,2381,121
DAdJF4__uTc.mp4,,69,121
DAdJF4__uTc.mp4,,3767,121
DAdJF4__uTc.mp4,,7278,121
2221276009.mp4,,349,121
2221276009.mp4,,2805,121
2221276009.mp4,,7203,121
591X64GnQhc.mp4,,514,121
591X64GnQhc.mp4,,4812,121
591X64GnQhc.mp4,,10506,121
-55~iosYZi0K253EHunKUA__.mp4,,28,121
-55~iosYZi0K253EHunKUA__.mp4,,2578,121
-55~iosYZi0K253EHunKUA__.mp4,,4311,121
2757732109.mp4,,178,121
2757732109.mp4,,524,121
2757732109.mp4,,912,121
eevauOeqxnlWmOcxVQBg9g__.mp4,,33,121
eevauOeqxnlWmOcxVQBg9g__.mp4,,139,121
eevauOeqxnlWmOcxVQBg9g__.mp4,,473,121
tRKqm_iyin0.mp4,,296,121
tRKqm_iyin0.mp4,,3570,121
tRKqm_iyin0.mp4,,4670,121
GpnK8EM2Bp0.mp4,,208,121
GpnK8EM2Bp0.mp4,,1995,121
GpnK8EM2Bp0.mp4,,3375,121
3530889509.mp4,,44,121
3530889509.mp4,,2091,121
3530889509.mp4,,3387,121
3316034409.mp4,,514,121
3316034409.mp4,,1154,121
3316034409.mp4,,2165,121
3817021509.mp4,,21,121
3817021509.mp4,,1315,121
3817021509.mp4,,2042,121
Nh5JR8zZbcs.mp4,,2402,121
Nh5JR8zZbcs.mp4,,4933,121
Nh5JR8zZbcs.mp4,,12333,121
3225891809.mp4,,3300,121
3025320309.mp4,,33,121
3025320309.mp4,,1125,121
3025320309.mp4,,1652,121
EabfE3X6qUM.mp4,,74,121
EabfE3X6qUM.mp4,,1427,121
EabfE3X6qUM.mp4,,2287,121
2842903709.mp4,,46,121
2842903709.mp4,,3192,121
2842903709.mp4,,5726,121
4620641009.mp4,,313,121
2926013009.mp4,,588,121
2926013009.mp4,,2851,121
2926013009.mp4,,3913,121
SmhP5vw6NsYyKW-Nc6CW7w__.mp4,,44,121
SmhP5vw6NsYyKW-Nc6CW7w__.mp4,,2307,121
SmhP5vw6NsYyKW-Nc6CW7w__.mp4,,7208,121
~BhBhz37m46KwGpIzgKeonjzO3lugUH4.mp4,,935,121
~BhBhz37m46KwGpIzgKeonjzO3lugUH4.mp4,,1034,121
~BhBhz37m46KwGpIzgKeonjzO3lugUH4.mp4,,1296,121
3184041509.mp4,,127,121
3184041509.mp4,,2925,121
3184041509.mp4,,5760,121
2138713209.mp4,,1475,121
2138713209.mp4,,1495,121
LZzTEmH6STI.mp4,,317,121
LZzTEmH6STI.mp4,,708,121
LZzTEmH6STI.mp4,,3788,121
rnhHdJfoQKmu9~q-Bglr-yly28Q_.mp4,,7,121
rnhHdJfoQKmu9~q-Bglr-yly28Q_.mp4,,234,121
rnhHdJfoQKmu9~q-Bglr-yly28Q_.mp4,,481,121
dfbznQSEEecOJ64kugkOhw__.mp4,,23,121
dfbznQSEEecOJ64kugkOhw__.mp4,,10239,121
dfbznQSEEecOJ64kugkOhw__.mp4,,18737,121
5qcIS63HOceKgd0f.mp4,,95,121
5qcIS63HOceKgd0f.mp4,,245,121
5qcIS63HOceKgd0f.mp4,,355,121
4509805409.mp4,,103,121
4509805409.mp4,,806,121
4509805409.mp4,,1849,121
9RNHxXC5H1c.mp4,,169,121
9RNHxXC5H1c.mp4,,11766,121
7W8Z-qpwLes.mp4,,48,121
7W8Z-qpwLes.mp4,,69,121
Cz_0RUf0uDs.mp4,,40,121
Cz_0RUf0uDs.mp4,,1442,121
Cz_0RUf0uDs.mp4,,2820,121
B7XDcfbypnY.mp4,,1648,121
B7XDcfbypnY.mp4,,5264,121
4552442509.mp4,,17,121
4552442509.mp4,,2109,121
4552442509.mp4,,3672,121
3753939109.mp4,,39,121
3753939109.mp4,,1043,121
3753939109.mp4,,1817,121
4327933109.mp4,,256,121
4327933109.mp4,,1619,121
4327933109.mp4,,7341,121
PgTRpx~Q--8K6CnVUCaLirKxCjpAv7l2.mp4,,973,121
PgTRpx~Q--8K6CnVUCaLirKxCjpAv7l2.mp4,,1402,121
ZorAPcFbSyltMnk2wZmnQw__.mp4,,375,121
ZorAPcFbSyltMnk2wZmnQw__.mp4,,601,121
ZorAPcFbSyltMnk2wZmnQw__.mp4,,904,121
2894991809.mp4,,17,121
2894991809.mp4,,1953,121
2894991809.mp4,,2981,121
CY_3GaIQsu4.mp4,,239,121
CY_3GaIQsu4.mp4,,2839,121
CY_3GaIQsu4.mp4,,6747,121
76ccRpUPOQI.mp4,,149,121
76ccRpUPOQI.mp4,,2977,121
76ccRpUPOQI.mp4,,4761,121
wuw85rnZyBM.mp4,,718,121
wuw85rnZyBM.mp4,,1606,121
wuw85rnZyBM.mp4,,3517,121
4935306709.mp4,,272,121
4935306709.mp4,,2938,121
4935306709.mp4,,6325,121
OO3JQn6Wt78.mp4,,800,121
OO3JQn6Wt78.mp4,,3515,121
OO3JQn6Wt78.mp4,,7299,121
2823592309.mp4,,3,121
2823592309.mp4,,1582,121
2823592309.mp4,,2822,121
Documentaryabout3TeenageGirlsEscapingtheHolocaustmkv.mp4,,989,121
Documentaryabout3TeenageGirlsEscapingtheHolocaustmkv.mp4,,90917,121
Documentaryabout3TeenageGirlsEscapingtheHolocaustmkv.mp4,,182524,121
3026717309.mp4,,214,121
3026717309.mp4,,2262,121
3026717309.mp4,,5891,121
3549831309.mp4,,77,121
3549831309.mp4,,2215,121
3549831309.mp4,,3911,121
2VhHBw_401g.mp4,,3247,121
2VhHBw_401g.mp4,,3586,121
2VhHBw_401g.mp4,,4635,121
2073394409.mp4,,419,121
2073394409.mp4,,2324,121
2073394409.mp4,,3289,121
3559639209.mp4,,10,121
3559639209.mp4,,2168,121
3559639209.mp4,,3800,121
_6zv3dJFe-g.mp4,,163,121
8InecqtF24g.mp4,,776,121
8InecqtF24g.mp4,,2340,121
8InecqtF24g.mp4,,6306,121
5177605709.mp4,,136,121
5177605709.mp4,,2149,121
5177605709.mp4,,4045,121
Slr9s0nXn5U.mp4,,125,121
Slr9s0nXn5U.mp4,,2931,121
Slr9s0nXn5U.mp4,,6740,121
3043419409.mp4,,597,121
3043419409.mp4,,2626,121
3043419409.mp4,,4149,121
2216566409.mp4,,1274,121
2216566409.mp4,,1277,121
2216566409.mp4,,1280,121
2828379809.mp4,,128,121
2828379809.mp4,,2750,121
2828379809.mp4,,5561,121
3010459809.mp4,,41,121
3010459809.mp4,,3392,121
3010459809.mp4,,6287,121
2891609309.mp4,,30,121
2891609309.mp4,,1122,121
2891609309.mp4,,1649,121
2827697609.mp4,,214,121
2827697609.mp4,,2465,121
2827697609.mp4,,4375,121
64Y~RWuzyX05ZjUG5d8h01n4kaHOuFk1.mp4,,123,121
64Y~RWuzyX05ZjUG5d8h01n4kaHOuFk1.mp4,,763,121
64Y~RWuzyX05ZjUG5d8h01n4kaHOuFk1.mp4,,1420,121
2746283709.mp4,,362,121
2746283709.mp4,,1504,121
2746283709.mp4,,2876,121
2956463909.mp4,,879,121
2956463909.mp4,,3325,121
2399498809.mp4,,593,121
2399498809.mp4,,4491,121
2399498809.mp4,,7209,121
vNG0d3zWMVM.mp4,,100,121
vNG0d3zWMVM.mp4,,3314,121
OOITzMBypT8.mp4,,147,121
OOITzMBypT8.mp4,,7805,121
OOITzMBypT8.mp4,,9830,121
NdCxAJPU9HU.mp4,,190,121
NdCxAJPU9HU.mp4,,1592,121
NdCxAJPU9HU.mp4,,2731,121
xsjeI2odVL2grbnJbgXqQDMSfrRZQous.mp4,,72,121
xsjeI2odVL2grbnJbgXqQDMSfrRZQous.mp4,,2381,121
xsjeI2odVL2grbnJbgXqQDMSfrRZQous.mp4,,4374,121
AVW--ALXZec.mp4,,7,121
AVW--ALXZec.mp4,,2368,121
AVW--ALXZec.mp4,,4930,121
6gMD1oMKcEmOqx8gMPpKBg__.mp4,,8,121
6gMD1oMKcEmOqx8gMPpKBg__.mp4,,128,121
6gMD1oMKcEmOqx8gMPpKBg__.mp4,,298,121
4BP8JLSi4vA.mp4,,152,121
4BP8JLSi4vA.mp4,,3192,121
4BP8JLSi4vA.mp4,,6983,121
5451735209.mp4,,56,121
5451735209.mp4,,895,121
5451735209.mp4,,1989,121
4838776109.mp4,,38,121
4838776109.mp4,,3335,121
4838776109.mp4,,5260,121
9RORPGcTsS8hTV0vCXAN-w__.mp4,,56,121
5298249709.mp4,,165,121
5298249709.mp4,,1090,121
5298249709.mp4,,1903,121
Z4LvNwMeRZeNbKTsR3NA2w__.mp4,,635,121
BfSbSWFsGkY.mp4,,1088,121
BfSbSWFsGkY.mp4,,4106,121
BfSbSWFsGkY.mp4,,7829,121
5014499309.mp4,,53,121
5014499309.mp4,,1890,121
5014499309.mp4,,3297,121
4510414109.mp4,,38,121
4510414109.mp4,,454,121
4510414109.mp4,,962,121
9v_1mz-CAfs.mp4,,68,121
9v_1mz-CAfs.mp4,,1852,121
9v_1mz-CAfs.mp4,,3786,121
APlTDq9MVscS1mVEbVMAIA__.mp4,,15,121
APlTDq9MVscS1mVEbVMAIA__.mp4,,295,121
APlTDq9MVscS1mVEbVMAIA__.mp4,,1124,121
PNHUyKXtsrjlNQBPjeHSpLpjV-uoKD0W.mp4,,65,121
PNHUyKXtsrjlNQBPjeHSpLpjV-uoKD0W.mp4,,1812,121
PNHUyKXtsrjlNQBPjeHSpLpjV-uoKD0W.mp4,,5000,121
rOoq~ktjGjeDhDedsG7gmw__.mp4,,152,121
rOoq~ktjGjeDhDedsG7gmw__.mp4,,1168,121
rOoq~ktjGjeDhDedsG7gmw__.mp4,,2138,121
H5upWU1ob3g.mp4,,5434,121
Jg9JD0PaQdw.mp4,,1452,121
Jg9JD0PaQdw.mp4,,8308,121
Jg9JD0PaQdw.mp4,,12719,121
B7mWXys4DhQ.mp4,,74,121
B7mWXys4DhQ.mp4,,523,121
B7mWXys4DhQ.mp4,,3401,121
LSxzOXlerew.mp4,,29,121
LSxzOXlerew.mp4,,3738,121
LSxzOXlerew.mp4,,7223,121
HkcHAHdSMRY.mp4,,354,121
HkcHAHdSMRY.mp4,,6811,121
HkcHAHdSMRY.mp4,,11924,121
2788722809.mp4,,164,121
2788722809.mp4,,693,121
2788722809.mp4,,1659,121
5001515409.mp4,,67,121
5001515409.mp4,,913,121
5001515409.mp4,,1847,121
2750262109.mp4,,134,121
2750262109.mp4,,2830,121
2750262109.mp4,,7764,121
2825204909.mp4,,13,121
2825204909.mp4,,415,121
2825204909.mp4,,1398,121
sLfsZqOn92E.mp4,,544,121
sLfsZqOn92E.mp4,,6821,121
sLfsZqOn92E.mp4,,9692,121
NdKIB9IVlo8.mp4,,40,121
NdKIB9IVlo8.mp4,,5470,121
3331451309.mp4,,118,121
3331451309.mp4,,1723,121
3331451309.mp4,,4733,121
TS-SpI1dlQA.mp4,,136,121
TS-SpI1dlQA.mp4,,7076,121
TS-SpI1dlQA.mp4,,13497,121
4OnWk53IbkN7kccjtLLhgA__.mp4,,428,121
2535383409.mp4,,230,121
2535383409.mp4,,2859,121
2535383409.mp4,,5472,121
_eqlpYECcU4.mp4,,27,121
_eqlpYECcU4.mp4,,2408,121
_eqlpYECcU4.mp4,,4416,121
4639449209.mp4,,138,121
4639449209.mp4,,2321,121
4639449209.mp4,,3588,121
4627180709.mp4,,341,121
4627180709.mp4,,1349,121
4627180709.mp4,,2123,121
2671475409.mp4,,560,121
2671475409.mp4,,1562,121
2671475409.mp4,,2452,121
x8COOqbp_LQ.mp4,,4660,121
NF0bVa_jR3k.mp4,,239,121
AC28A0Ty867wOmWSZTH0YT66sYHfghW4.mp4,,45,121
AC28A0Ty867wOmWSZTH0YT66sYHfghW4.mp4,,1213,121
AC28A0Ty867wOmWSZTH0YT66sYHfghW4.mp4,,2886,121
2306053809.mp4,,252,121
2306053809.mp4,,1157,121
2306053809.mp4,,1813,121
9wshfX_ddyk.mp4,,3606,121
X1VVmjaTZlw.mp4,,353,121
X1VVmjaTZlw.mp4,,1523,121
X1VVmjaTZlw.mp4,,3364,121
bMYyw1S3QqY.mp4,,223,121
bMYyw1S3QqY.mp4,,3088,121
bMYyw1S3QqY.mp4,,6380,121
Aeq2TE88HEI6aZJ34f9MPw__.mp4,,84,121
Aeq2TE88HEI6aZJ34f9MPw__.mp4,,1645,121
Aeq2TE88HEI6aZJ34f9MPw__.mp4,,3335,121
Qg2CRgQ8sLE.mp4,,1354,121
VIRUSEVOLUTIONAMAZINGDOCUMENTARYmkv.mp4,,20,121
VIRUSEVOLUTIONAMAZINGDOCUMENTARYmkv.mp4,,30953,121
VIRUSEVOLUTIONAMAZINGDOCUMENTARYmkv.mp4,,63309,121
kOjFX5elcv8.mp4,,193,121
kOjFX5elcv8.mp4,,2106,121
kOjFX5elcv8.mp4,,4871,121
3055322409.mp4,,76,121
3055322409.mp4,,2202,121
3055322409.mp4,,5155,121
33tqg067E5E.mp4,,1098,121
33tqg067E5E.mp4,,3249,121
33tqg067E5E.mp4,,3267,121
EooHqtjmhWDO8tDT9VuWUA__.mp4,,632,121
DeIciWBnCA8.mp4,,152,121
DeIciWBnCA8.mp4,,2532,121
DeIciWBnCA8.mp4,,7101,121
YE919gQMxIDiff4kCk~4vg__.mp4,,2,121
JH1jHYwf81-802erZny7EACZKTRvmHvR.mp4,,440,121
JH1jHYwf81-802erZny7EACZKTRvmHvR.mp4,,489,121
Esb~hXQ8rKwrZhtXjCYNHA__.mp4,,71,121
Esb~hXQ8rKwrZhtXjCYNHA__.mp4,,1618,121
Esb~hXQ8rKwrZhtXjCYNHA__.mp4,,3683,121
3456995009.mp4,,10,121
3456995009.mp4,,668,121
3456995009.mp4,,1314,121
QaKcnncj27ef-bRA9scGiA__.mp4,,171,121
QaKcnncj27ef-bRA9scGiA__.mp4,,9405,121
QaKcnncj27ef-bRA9scGiA__.mp4,,17910,121
90zOHf4W8nQ.mp4,,6604,121
90zOHf4W8nQ.mp4,,6780,121
8vg_oH8_NnA.mp4,,65,121
8vg_oH8_NnA.mp4,,3380,121
8vg_oH8_NnA.mp4,,8278,121
2648419709.mp4,,670,121
2648419709.mp4,,3702,121
2648419709.mp4,,6818,121
~MhllDWB9731ORYxrBbMzQ__.mp4,,1023,121
7zrdSlG1ySs.mp4,,2561,121
7zrdSlG1ySs.mp4,,7240,121
4591807209.mp4,,54,121
4591807209.mp4,,2819,121
4591807209.mp4,,6159,121
documentary_18.mp4,,130,121
documentary_18.mp4,,39030,121
documentary_18.mp4,,76000,121
PI5oKEymYsI.mp4,,109,121
PI5oKEymYsI.mp4,,3513,121
PI5oKEymYsI.mp4,,5251,121
lf-Pchuv3Iw.mp4,,791,121
lf-Pchuv3Iw.mp4,,4649,121
lf-Pchuv3Iw.mp4,,6823,121
7ift3e8PmAE.mp4,,1730,121
7ift3e8PmAE.mp4,,4742,121
3044333309.mp4,,377,121
3044333309.mp4,,2733,121
3044333309.mp4,,4262,121
8H0PV_2J8_8.mp4,,50,121
8H0PV_2J8_8.mp4,,1438,121
8H0PV_2J8_8.mp4,,3519,121
3583278109.mp4,,67,121
3583278109.mp4,,806,121
3583278109.mp4,,1402,121
5425613609.mp4,,12,121
5425613609.mp4,,1050,121
5425613609.mp4,,1863,121
dW4jJhebUw6XazMIjGn-icSVrkI5NEs7.mp4,,85,121
dW4jJhebUw6XazMIjGn-icSVrkI5NEs7.mp4,,6669,121
dW4jJhebUw6XazMIjGn-icSVrkI5NEs7.mp4,,13162,121
2214398909.mp4,,14,121
2214398909.mp4,,420,121
2214398909.mp4,,913,121
g2Cegt6ZV6brtQRov~JAZA__.mp4,,42,121
g2Cegt6ZV6brtQRov~JAZA__.mp4,,289,121
g2Cegt6ZV6brtQRov~JAZA__.mp4,,530,121
1X0SSy-xb1M.mp4,,75,121
1X0SSy-xb1M.mp4,,2596,121
1X0SSy-xb1M.mp4,,5350,121
2945676709.mp4,,12,121
2945676709.mp4,,1276,121
2945676709.mp4,,2622,121
3027578709.mp4,,158,121
3027578709.mp4,,2367,121
3027578709.mp4,,4768,121
ReefofRichesDocumentarymkv.mp4,,1347,121
ReefofRichesDocumentarymkv.mp4,,44047,121
ReefofRichesDocumentarymkv.mp4,,93780,121
KkALuO6C0oc.mp4,,109,121
KkALuO6C0oc.mp4,,2383,121
KkALuO6C0oc.mp4,,3915,121
BJAv3hqpIRo.mp4,,95,121
BJAv3hqpIRo.mp4,,5561,121
BJAv3hqpIRo.mp4,,7233,121
5425587909.mp4,,22,121
5425587909.mp4,,888,121
5425587909.mp4,,1285,121
6L6sohGeXjI.mp4,,102,121
6L6sohGeXjI.mp4,,3300,121
6L6sohGeXjI.mp4,,7765,121
xJKpcToSR_k.mp4,,8,121
xJKpcToSR_k.mp4,,1252,121
xJKpcToSR_k.mp4,,3147,121
3103365509.mp4,,105,121
3103365509.mp4,,2267,121
3103365509.mp4,,4334,121
5091294709.mp4,,3,121
5091294709.mp4,,2295,121
5091294709.mp4,,4202,121
uAXuHFdq1_g.mp4,,6013,121
uAXuHFdq1_g.mp4,,8001,121
PNnqWsAmvgs.mp4,,123,121
PNnqWsAmvgs.mp4,,1152,121
PNnqWsAmvgs.mp4,,4832,121
3798936409.mp4,,260,121
3798936409.mp4,,1188,121
3798936409.mp4,,1986,121
3616846609.mp4,,17,121
3616846609.mp4,,3052,121
3616846609.mp4,,6779,121
5418809209.mp4,,45,121
5418809209.mp4,,848,121
5418809209.mp4,,2700,121
x6mtaU3CI81wGyjCeTCvQQ__.mp4,,292,121
3943937209.mp4,,20,121
3943937209.mp4,,1990,121
3943937209.mp4,,4110,121
3781738609.mp4,,55,121
3781738609.mp4,,1843,121
3781738609.mp4,,4157,121
5415823009.mp4,,118,121
5415823009.mp4,,1657,121
5415823009.mp4,,3489,121
6jpejvKVC-o.mp4,,6,121
6jpejvKVC-o.mp4,,1765,121
6jpejvKVC-o.mp4,,3353,121
5OJpBQLSjiw.mp4,,374,121
5OJpBQLSjiw.mp4,,2290,121
5OJpBQLSjiw.mp4,,4504,121
V87QSSGzS-0.mp4,,142,121
V87QSSGzS-0.mp4,,6448,121
V87QSSGzS-0.mp4,,12130,121
1371474309.mp4,,86,121
1371474309.mp4,,1297,121
1371474309.mp4,,2667,121
2374884709.mp4,,132,121
2374884709.mp4,,689,121
2374884709.mp4,,2373,121
5~GCFKjnWJK6l6JdmqVVVg__.mp4,,1031,121
NXp6nOLp44WmA07dhsuCaLtKj4OWtb6q.mp4,,111,121
NXp6nOLp44WmA07dhsuCaLtKj4OWtb6q.mp4,,2774,121
NXp6nOLp44WmA07dhsuCaLtKj4OWtb6q.mp4,,4756,121
P3WgzgD9nmQ.mp4,,824,121
4135095309.mp4,,7,121
4135095309.mp4,,2123,121
4135095309.mp4,,4324,121
3351662409.mp4,,49,121
3351662409.mp4,,1032,121
3351662409.mp4,,2014,121
2865209809.mp4,,43,121
2865209809.mp4,,2013,121
2865209809.mp4,,4642,121
2726878009.mp4,,43,121
2726878009.mp4,,1605,121
2726878009.mp4,,3775,121
2736771509.mp4,,1,121
2736771509.mp4,,911,121
2736771509.mp4,,3889,121
5169516509.mp4,,35,121
5169516509.mp4,,1647,121
5169516509.mp4,,3625,121
BAPcIBAfyeF-LT4-Z1PL0Q__.mp4,,137,121
BAPcIBAfyeF-LT4-Z1PL0Q__.mp4,,199,121
xsJtassHfZ4.mp4,,3730,121
xsJtassHfZ4.mp4,,4309,121
xsJtassHfZ4.mp4,,4342,121
IfbdiM8KJ6Q.mp4,,2239,121
IfbdiM8KJ6Q.mp4,,3779,121
IfbdiM8KJ6Q.mp4,,6991,121
8ogm8vko1VE.mp4,,59,121
8ogm8vko1VE.mp4,,3824,121
NamjQ66btHA.mp4,,247,121
NamjQ66btHA.mp4,,4312,121
NamjQ66btHA.mp4,,6491,121
1363911109.mp4,,170,121
1363911109.mp4,,961,121
1363911109.mp4,,1506,121
3978442509.mp4,,316,121
3978442509.mp4,,3048,121
3978442509.mp4,,4817,121
1336783809.mp4,,183,121
1336783809.mp4,,4369,121
1336783809.mp4,,8647,121
TheMarinesPBSDocumentaryfulllengthmkv.mp4,,18,121
TheMarinesPBSDocumentaryfulllengthmkv.mp4,,69377,121
TheMarinesPBSDocumentaryfulllengthmkv.mp4,,153868,121
5382160209.mp4,,6,121
5382160209.mp4,,1000,121
5382160209.mp4,,2314,121
EhffvTNpSqQ.mp4,,609,121
EhffvTNpSqQ.mp4,,984,121
EhffvTNpSqQ.mp4,,3648,121
BZGFoSDK1gM.mp4,,329,121
BZGFoSDK1gM.mp4,,4201,121
BZGFoSDK1gM.mp4,,8291,121
4761160709.mp4,,98,121
4761160709.mp4,,3012,121
4761160709.mp4,,7076,121
5121314809.mp4,,48,121
5121314809.mp4,,1612,121
5121314809.mp4,,3022,121
PPrcWD-SZ3I.mp4,,849,121
PPrcWD-SZ3I.mp4,,5211,121
PPrcWD-SZ3I.mp4,,10715,121
ED1C987BFfEFXJ1eSb5qOw__.mp4,,74,121
ED1C987BFfEFXJ1eSb5qOw__.mp4,,82,121
4mIBSjC3V9k.mp4,,95,121
4mIBSjC3V9k.mp4,,3429,121
4mIBSjC3V9k.mp4,,7004,121
A0OeRdFjoROiTcYTdY9eow__.mp4,,21,121
A0OeRdFjoROiTcYTdY9eow__.mp4,,1277,121
A0OeRdFjoROiTcYTdY9eow__.mp4,,2605,121
S3OqUkZw6fLBigHltcs-h1kwh9Wuxt~U.mp4,,23,121
S3OqUkZw6fLBigHltcs-h1kwh9Wuxt~U.mp4,,36,121
S3OqUkZw6fLBigHltcs-h1kwh9Wuxt~U.mp4,,136,121
k3hKkST62AZja9jH9EI7sw__.mp4,,574,121
2643389309.mp4,,37,121
2643389309.mp4,,1799,121
2643389309.mp4,,3358,121
mMnv2oxe2RE.mp4,,483,121
mMnv2oxe2RE.mp4,,2740,121
mMnv2oxe2RE.mp4,,6233,121
5439441609.mp4,,7,121
5439441609.mp4,,3622,121
5439441609.mp4,,6785,121
Cp5NqQ4Y-OM.mp4,,355,121
Cp5NqQ4Y-OM.mp4,,746,121
Cp5NqQ4Y-OM.mp4,,5397,121
eBwtkKitn93Dg5xHgjQ6WQ__.mp4,,30,121
eBwtkKitn93Dg5xHgjQ6WQ__.mp4,,2816,121
eBwtkKitn93Dg5xHgjQ6WQ__.mp4,,4722,121
2220812409.mp4,,39,121
2220812409.mp4,,2298,121
2220812409.mp4,,4215,121
KYJ2AO5WojA.mp4,,11,121
KYJ2AO5WojA.mp4,,3116,121
KYJ2AO5WojA.mp4,,5070,121
2816660309.mp4,,12,121
2816660309.mp4,,2479,121
2816660309.mp4,,4970,121
2614159709.mp4,,135,121
2614159709.mp4,,3362,121
2614159709.mp4,,6971,121
VjoKzrwEsUM.mp4,,365,121
VjoKzrwEsUM.mp4,,2794,121
VjoKzrwEsUM.mp4,,5734,121
3653766309.mp4,,6,121
3653766309.mp4,,1725,121
3653766309.mp4,,4068,121
oIH_kvF_dwI.mp4,,30,121
oIH_kvF_dwI.mp4,,155,121
oIH_kvF_dwI.mp4,,4263,121
S07Lhbn80vk.mp4,,694,121
S07Lhbn80vk.mp4,,2477,121
S07Lhbn80vk.mp4,,4146,121
CblW56X5ia4.mp4,,241,121
CblW56X5ia4.mp4,,4877,121
CblW56X5ia4.mp4,,6704,121
sEFtZCuwLyw.mp4,,763,121
sEFtZCuwLyw.mp4,,1889,121
4820447409.mp4,,127,121
4820447409.mp4,,1399,121
4820447409.mp4,,1961,121
6KKMoIughlo6AHFpvrWVXg__.mp4,,15,121
6KKMoIughlo6AHFpvrWVXg__.mp4,,4122,121
6KKMoIughlo6AHFpvrWVXg__.mp4,,8008,121
1370106309.mp4,,93,121
1370106309.mp4,,2564,121
1370106309.mp4,,6853,121
5x1EK6pWYSiQSLMelSKKkQ__.mp4,,21,121
5x1EK6pWYSiQSLMelSKKkQ__.mp4,,177,121
5x1EK6pWYSiQSLMelSKKkQ__.mp4,,479,121
4a0uLcBBYNhREVRQseu~utLG8coqEakn.mp4,,126,121
4a0uLcBBYNhREVRQseu~utLG8coqEakn.mp4,,5378,121
4a0uLcBBYNhREVRQseu~utLG8coqEakn.mp4,,10017,121
3714624409.mp4,,10,121
3714624409.mp4,,881,121
3714624409.mp4,,1628,121
u12XYc3mFDU.mp4,,6,121
u12XYc3mFDU.mp4,,1021,121
u12XYc3mFDU.mp4,,2780,121
4714253609.mp4,,560,121
4714253609.mp4,,4042,121
4714253609.mp4,,6625,121
1387207009.mp4,,105,121
1387207009.mp4,,2407,121
1387207009.mp4,,7946,121
CvdqhOietMKuce5jxa2rGw__.mp4,,33,121
CvdqhOietMKuce5jxa2rGw__.mp4,,2583,121
CvdqhOietMKuce5jxa2rGw__.mp4,,4316,121
2221403809.mp4,,11,121
2221403809.mp4,,938,121
2221403809.mp4,,1891,121
documentary_13.mp4,,62,121
documentary_13.mp4,,34573,121
documentary_13.mp4,,75218,121
f23bQ8iAtPg.mp4,,564,121
f23bQ8iAtPg.mp4,,939,121
f23bQ8iAtPg.mp4,,951,121
YKRneFckmiU.mp4,,64,121
YKRneFckmiU.mp4,,922,121
YKRneFckmiU.mp4,,2554,121
bJHOcMiXUfDE5tOQv5CS~g__.mp4,,2216,121
FfFNpHOCfhTnNej3SDJwVQ__.mp4,,157,121
FfFNpHOCfhTnNej3SDJwVQ__.mp4,,3200,121
FfFNpHOCfhTnNej3SDJwVQ__.mp4,,5322,121
4dM5DSS0lYw.mp4,,1963,121
4dM5DSS0lYw.mp4,,2801,121
4dM5DSS0lYw.mp4,,4267,121
3333763309.mp4,,101,121
3333763309.mp4,,925,121
3333763309.mp4,,1511,121
2780573909.mp4,,196,121
2780573909.mp4,,1996,121
2780573909.mp4,,4268,121
5399854709.mp4,,82,121
5399854709.mp4,,2572,121
5399854709.mp4,,5682,121
2554131609.mp4,,16,121
2554131609.mp4,,2118,121
2554131609.mp4,,3759,121
ML4Iek16coQ.mp4,,179,121
ML4Iek16coQ.mp4,,4881,121
ML4Iek16coQ.mp4,,10920,121
4755561009.mp4,,56,121
4755561009.mp4,,1891,121
4755561009.mp4,,3581,121
~BJpSFcpFRZYO51WmXXVLQ__.mp4,,76,121
~BJpSFcpFRZYO51WmXXVLQ__.mp4,,302,121
~BJpSFcpFRZYO51WmXXVLQ__.mp4,,559,121
2375612209.mp4,,1762,121
2375612209.mp4,,2835,121
2648594309.mp4,,73,121
2648594309.mp4,,1763,121
2648594309.mp4,,3132,121
tZOUX1CpcFQ.mp4,,287,121
tZOUX1CpcFQ.mp4,,1947,121
tZOUX1CpcFQ.mp4,,3035,121
KVe3VzWlyxeQW9aFqbSt-w__.mp4,,36,121
KVe3VzWlyxeQW9aFqbSt-w__.mp4,,72,121
3177191609.mp4,,80,121
3177191609.mp4,,832,121
3177191609.mp4,,1689,121
4210376909.mp4,,61,121
4210376909.mp4,,2047,121
4210376909.mp4,,3715,121
X1fTPw4GNyQ.mp4,,268,121
X1fTPw4GNyQ.mp4,,4019,121
X1fTPw4GNyQ.mp4,,7225,121
-x9v0qGYUlgHdjHPGHB7zg__.mp4,,12,121
-x9v0qGYUlgHdjHPGHB7zg__.mp4,,459,121
-x9v0qGYUlgHdjHPGHB7zg__.mp4,,1160,121
5228686709.mp4,,351,121
5228686709.mp4,,3781,121
5228686709.mp4,,5990,121
FgEPtN9CeX5DDHD9hyi-nS5-hwA_.mp4,,189,121
FgEPtN9CeX5DDHD9hyi-nS5-hwA_.mp4,,439,121
Cq2gRcGL3UI.mp4,,52,121
Cq2gRcGL3UI.mp4,,3135,121
Cq2gRcGL3UI.mp4,,6309,121
oiV4Kbk24NI.mp4,,266,121
oiV4Kbk24NI.mp4,,1951,121
oiV4Kbk24NI.mp4,,3934,121
4662136509.mp4,,53,121
4662136509.mp4,,1986,121
4662136509.mp4,,3641,121
nzubTdzbTfo8bU0Hno3N-Pu2tLMtEbqI.mp4,,364,121
A10oxug1OArm~JgYi7PVHA__.mp4,,137,121
5025775809.mp4,,24,121
5025775809.mp4,,2454,121
5025775809.mp4,,3469,121
3346213409.mp4,,226,121
3346213409.mp4,,1735,121
3346213409.mp4,,4772,121
oqIK8M82Ctk.mp4,,256,121
oqIK8M82Ctk.mp4,,3011,121
oqIK8M82Ctk.mp4,,4765,121
2747134309.mp4,,140,121
2747134309.mp4,,1349,121
2747134309.mp4,,2816,121
4591904809.mp4,,6,121
4591904809.mp4,,1838,121
4591904809.mp4,,3468,121
_bhQ16rBbgo.mp4,,59,121
_bhQ16rBbgo.mp4,,3472,121
_bhQ16rBbgo.mp4,,5730,121
lLPeSl5mD60.mp4,,1989,121
lLPeSl5mD60.mp4,,4864,121
lLPeSl5mD60.mp4,,7744,121
4289101009.mp4,,39,121
4289101009.mp4,,837,121
4289101009.mp4,,1637,121
5256666609.mp4,,11,121
5256666609.mp4,,411,121
5256666609.mp4,,1547,121
8vhFQdFYJCjL5URHG6R1wA__.mp4,,400,121
8vhFQdFYJCjL5URHG6R1wA__.mp4,,1911,121
8vhFQdFYJCjL5URHG6R1wA__.mp4,,3393,121
8VZUot9l3S4.mp4,,626,121
8VZUot9l3S4.mp4,,1663,121
8VZUot9l3S4.mp4,,4088,121
5NjT1RJeU2w.mp4,,629,121
5NjT1RJeU2w.mp4,,4328,121
5NjT1RJeU2w.mp4,,7765,121
2739896609.mp4,,139,121
2739896609.mp4,,2140,121
2739896609.mp4,,3956,121
2753546409.mp4,,53,121
2753546409.mp4,,699,121
2753546409.mp4,,1270,121
2233709209.mp4,,111,121
2233709209.mp4,,792,121
2233709209.mp4,,2086,121
3347922009.mp4,,2,121
3347922009.mp4,,1020,121
3347922009.mp4,,2141,121
ThebreakthroughinrenewableenergyVPROdocumentary2016mkv.mp4,,184,121
ThebreakthroughinrenewableenergyVPROdocumentary2016mkv.mp4,,34537,121
ThebreakthroughinrenewableenergyVPROdocumentary2016mkv.mp4,,69017,121
2654084609.mp4,,169,121
2654084609.mp4,,2059,121
2654084609.mp4,,3452,121
IsraelBannedDocumentarymkv.mp4,,43,121
IsraelBannedDocumentarymkv.mp4,,35084,121
IsraelBannedDocumentarymkv.mp4,,76855,121
3476067409.mp4,,112,121
3476067409.mp4,,870,121
3476067409.mp4,,1625,121
cpmUwnZs59k3OAlRZWis4w__.mp4,,23,121
cpmUwnZs59k3OAlRZWis4w__.mp4,,707,121
cpmUwnZs59k3OAlRZWis4w__.mp4,,1885,121
vN9plCDrueVai~5-7zyB0w__.mp4,,165,121
vN9plCDrueVai~5-7zyB0w__.mp4,,3481,121
vN9plCDrueVai~5-7zyB0w__.mp4,,8732,121
8oRgU6EwROg.mp4,,261,121
8oRgU6EwROg.mp4,,4106,121
8oRgU6EwROg.mp4,,11321,121
hrIzJix7WKO4x2-MGumfOg__.mp4,,45,121
hrIzJix7WKO4x2-MGumfOg__.mp4,,4967,121
hrIzJix7WKO4x2-MGumfOg__.mp4,,10574,121
NUPGJdulONZUQIjWQejJ5VV3mXaGqeBE.mp4,,9,121
GQEMyPa5LVo.mp4,,126,121
GQEMyPa5LVo.mp4,,14321,121
4907368409.mp4,,14,121
4907368409.mp4,,1590,121
4907368409.mp4,,2849,121
ev7rG85j5yviNUIT2iXKoQ__.mp4,,184,121
ev7rG85j5yviNUIT2iXKoQ__.mp4,,1986,121
ev7rG85j5yviNUIT2iXKoQ__.mp4,,3895,121
4411202209.mp4,,3837,121
4411202209.mp4,,5626,121
78kBKaZRPEQ.mp4,,226,121
78kBKaZRPEQ.mp4,,3221,121
78kBKaZRPEQ.mp4,,6781,121
5439321809.mp4,,40,121
5439321809.mp4,,1235,121
5439321809.mp4,,1960,121
D5cABKpcgNE.mp4,,128,121
D5cABKpcgNE.mp4,,197,121
D5cABKpcgNE.mp4,,4134,121
N_7Bkre3lQE.mp4,,220,121
N_7Bkre3lQE.mp4,,1889,121
N_7Bkre3lQE.mp4,,2794,121
HmUcnWMUrb0.mp4,,19,121
HmUcnWMUrb0.mp4,,1643,121
HmUcnWMUrb0.mp4,,3546,121
F0kjmgSM3PVm~H1Q1mFeCA__.mp4,,9,121
F0kjmgSM3PVm~H1Q1mFeCA__.mp4,,43,121
F0kjmgSM3PVm~H1Q1mFeCA__.mp4,,62,121
2821932609.mp4,,3,121
2821932609.mp4,,1894,121
2821932609.mp4,,3480,121
vvfQvsbnMRY.mp4,,167,121
vvfQvsbnMRY.mp4,,2134,121
vvfQvsbnMRY.mp4,,4309,121
OwjXLuu77uE.mp4,,6326,121
5390813709.mp4,,25,121
5390813709.mp4,,884,121
5390813709.mp4,,1873,121
86tqRa9yH7s.mp4,,94,121
86tqRa9yH7s.mp4,,3791,121
86tqRa9yH7s.mp4,,6693,121
4707450809.mp4,,39,121
4707450809.mp4,,4373,121
4707450809.mp4,,7609,121
3215155209.mp4,,25,121
3215155209.mp4,,1168,121
3215155209.mp4,,3074,121
4705410409.mp4,,1385,121
4705410409.mp4,,1409,121
2835885809.mp4,,18,121
2835885809.mp4,,1026,121
2835885809.mp4,,2034,121
4840097209.mp4,,681,121
4840097209.mp4,,4144,121
4840097209.mp4,,5816,121
2750624609.mp4,,40,121
2750624609.mp4,,797,121
2750624609.mp4,,1765,121
3DHw9OHaebw.mp4,,212,121
3DHw9OHaebw.mp4,,5189,121
3DHw9OHaebw.mp4,,11279,121
skR6t-zeqW8.mp4,,36,121
skR6t-zeqW8.mp4,,1261,121
skR6t-zeqW8.mp4,,3343,121
FuLudv1xRg0.mp4,,213,121
FuLudv1xRg0.mp4,,4130,121
FuLudv1xRg0.mp4,,6888,121
4168091209.mp4,,23,121
4168091209.mp4,,2240,121
4168091209.mp4,,4176,121
3068062009.mp4,,33,121
3068062009.mp4,,1125,121
3068062009.mp4,,1652,121
2261882009.mp4,,15,121
2261882009.mp4,,1628,121
2261882009.mp4,,3057,121
2665768309.mp4,,17,121
2665768309.mp4,,958,121
2665768309.mp4,,2151,121
4WIXtAE6QkM.mp4,,140,121
4WIXtAE6QkM.mp4,,1411,121
4WIXtAE6QkM.mp4,,3891,121
ISILTargetRussiaFeaturedDocumentarymkv.mp4,,28,121
ISILTargetRussiaFeaturedDocumentarymkv.mp4,,37038,121
ISILTargetRussiaFeaturedDocumentarymkv.mp4,,70667,121
4760567009.mp4,,31,121
4760567009.mp4,,1259,121
4760567009.mp4,,2115,121
4345438309.mp4,,107,121
4345438309.mp4,,2057,121
4345438309.mp4,,3647,121
68mpIV2fzvc.mp4,,113,121
68mpIV2fzvc.mp4,,4316,121
68mpIV2fzvc.mp4,,5784,121
2073072609.mp4,,41,121
2073072609.mp4,,1329,121
2073072609.mp4,,2726,121
3119834309.mp4,,23,121
3119834309.mp4,,1750,121
3119834309.mp4,,4412,121
4911849909.mp4,,98,121
4911849909.mp4,,1549,121
4911849909.mp4,,2327,121
2790860409.mp4,,37,121
2790860409.mp4,,698,121
av8dc4zmvj1WKqCoLoIJUA__.mp4,,858,121
av8dc4zmvj1WKqCoLoIJUA__.mp4,,3158,121
av8dc4zmvj1WKqCoLoIJUA__.mp4,,6251,121
bwmPtKQnc9M.mp4,,1450,121
bwmPtKQnc9M.mp4,,2166,121
bwmPtKQnc9M.mp4,,3237,121
SkD_9h3vACM.mp4,,3745,121
2323289309.mp4,,308,121
2323289309.mp4,,1265,121
2323289309.mp4,,2203,121
3015778309.mp4,,209,121
3015778309.mp4,,1832,121
3015778309.mp4,,2564,121
oqU7MAC4PC8IzaOqqTByTvxeAcMQep44.mp4,,48,121
oqU7MAC4PC8IzaOqqTByTvxeAcMQep44.mp4,,1007,121
oqU7MAC4PC8IzaOqqTByTvxeAcMQep44.mp4,,1905,121
-MbPdAHekmA.mp4,,287,121
-MbPdAHekmA.mp4,,6123,121
-MbPdAHekmA.mp4,,11224,121
8KxoVSayP0g.mp4,,1917,121
8KxoVSayP0g.mp4,,2969,121
8KxoVSayP0g.mp4,,4399,121
2880169409.mp4,,30,121
2880169409.mp4,,3321,121
2880169409.mp4,,3854,121
2803303009.mp4,,185,121
2803303009.mp4,,2758,121
2803303009.mp4,,5543,121
_WTgweJ7hqE.mp4,,279,121
_WTgweJ7hqE.mp4,,6871,121
_WTgweJ7hqE.mp4,,12461,121
88XsoEmBH24.mp4,,34,121
88XsoEmBH24.mp4,,3557,121
88XsoEmBH24.mp4,,8702,121
NnUfK2aTh0Y.mp4,,109,121
NnUfK2aTh0Y.mp4,,1866,121
NnUfK2aTh0Y.mp4,,3571,121
2666018409.mp4,,339,121
2666018409.mp4,,1064,121
2666018409.mp4,,2281,121
3971894509.mp4,,9,121
3971894509.mp4,,2779,121
3971894509.mp4,,5286,121
2814403509.mp4,,123,121
2814403509.mp4,,1488,121
2814403509.mp4,,3025,121
aeNX-7iqzdg.mp4,,202,121
aeNX-7iqzdg.mp4,,3651,121
aeNX-7iqzdg.mp4,,7262,121
3348361409.mp4,,248,121
3348361409.mp4,,991,121
3348361409.mp4,,2259,121
DWGeFP3-gpA.mp4,,393,121
DWGeFP3-gpA.mp4,,2271,121
DWGeFP3-gpA.mp4,,4207,121
3029757409.mp4,,88,121
3029757409.mp4,,1669,121
3029757409.mp4,,3021,121
4222401309.mp4,,16,121
4222401309.mp4,,3243,121
4222401309.mp4,,6852,121
JDZrLczStWc.mp4,,414,121
JDZrLczStWc.mp4,,1233,121
JDZrLczStWc.mp4,,2187,121
2402576009.mp4,,660,121
2402576009.mp4,,3308,121
2402576009.mp4,,6811,121
documentary_44.mp4,,200,121
documentary_44.mp4,,38528,121
documentary_44.mp4,,76767,121
L8nU2ZpbEcs.mp4,,288,121
L8nU2ZpbEcs.mp4,,3224,121
L8nU2ZpbEcs.mp4,,6646,121
TheNepalDocumentarymkv.mp4,,63,121
TheNepalDocumentarymkv.mp4,,43227,121
TheNepalDocumentarymkv.mp4,,84942,121
KrlIYZF9QRo.mp4,,36,121
KrlIYZF9QRo.mp4,,3915,121
KrlIYZF9QRo.mp4,,8663,121
5WJzVr8fyA8.mp4,,583,121
5WJzVr8fyA8.mp4,,800,121
cKU7eNX30Vw.mp4,,3744,121
cKU7eNX30Vw.mp4,,3882,121
cKU7eNX30Vw.mp4,,6253,121
H-OTags9v_U.mp4,,2740,121
f42put3Q1ac.mp4,,3743,121
lxD86iCWqbI.mp4,,186,121
3682136409.mp4,,13,121
3682136409.mp4,,1231,121
3682136409.mp4,,2428,121
9Rtp8qyXYYc.mp4,,115,121
9Rtp8qyXYYc.mp4,,3213,121
9Rtp8qyXYYc.mp4,,6214,121
4957533209.mp4,,7,121
4957533209.mp4,,1141,121
4957533209.mp4,,1692,121
4543041109.mp4,,3,121
4543041109.mp4,,3099,121
4543041109.mp4,,6701,121
2351735609.mp4,,323,121
2351735609.mp4,,2912,121
2351735609.mp4,,4698,121
5304912509.mp4,,17,121
5304912509.mp4,,2688,121
5304912509.mp4,,7145,121
IwpmclZ8GzQ.mp4,,89,121
IwpmclZ8GzQ.mp4,,239,121
IwpmclZ8GzQ.mp4,,6543,121
3076380209.mp4,,337,121
3076380209.mp4,,1029,121
3076380209.mp4,,2531,121
BV2X3M2_6KM.mp4,,1208,121
BV2X3M2_6KM.mp4,,2218,121
BV2X3M2_6KM.mp4,,4114,121
4105490309.mp4,,489,121
4105490309.mp4,,2593,121
4105490309.mp4,,4381,121
q1M1pIz2oqisEli2vttOfw__.mp4,,14,121
q1M1pIz2oqisEli2vttOfw__.mp4,,976,121
q1M1pIz2oqisEli2vttOfw__.mp4,,2193,121
bydER7T8fjo.mp4,,3616,121
FbsLLPUYHq0.mp4,,1041,121
FbsLLPUYHq0.mp4,,4133,121
FbsLLPUYHq0.mp4,,7000,121
2358203809.mp4,,114,121
2358203809.mp4,,1789,121
2358203809.mp4,,4267,121
ChokeARicksonGracieDocumentarymkv.mp4,,645,121
ChokeARicksonGracieDocumentarymkv.mp4,,99454,121
ChokeARicksonGracieDocumentarymkv.mp4,,176863,121
5395934509.mp4,,41,121
5395934509.mp4,,1270,121
5395934509.mp4,,3281,121
3023358209.mp4,,161,121
3023358209.mp4,,821,121
3023358209.mp4,,2517,121
5L17b4nfNgsJQasoKESMew__.mp4,,108,121
5L17b4nfNgsJQasoKESMew__.mp4,,3386,121
5L17b4nfNgsJQasoKESMew__.mp4,,7251,121
2119566309.mp4,,133,121
2119566309.mp4,,1300,121
2119566309.mp4,,1926,121
4947205909.mp4,,9,121
4947205909.mp4,,993,121
4947205909.mp4,,1603,121
V3te~X-GUp0sXAI63vCFoobBilOufvGe.mp4,,204,121
V3te~X-GUp0sXAI63vCFoobBilOufvGe.mp4,,2294,121
V3te~X-GUp0sXAI63vCFoobBilOufvGe.mp4,,4254,121
2108598709.mp4,,33,121
2108598709.mp4,,1059,121
2108598709.mp4,,1824,121
klGrBH-wb8M.mp4,,161,121
klGrBH-wb8M.mp4,,2986,121
klGrBH-wb8M.mp4,,8213,121
9RmhR00xqAg.mp4,,51,121
9RmhR00xqAg.mp4,,2090,121
9RmhR00xqAg.mp4,,3282,121
chH6bWO46QhLNyWDpuyO7lI7KZJC-fUO.mp4,,112,121
chH6bWO46QhLNyWDpuyO7lI7KZJC-fUO.mp4,,1574,121
chH6bWO46QhLNyWDpuyO7lI7KZJC-fUO.mp4,,3116,121
5218035709.mp4,,186,121
5218035709.mp4,,1458,121
5218035709.mp4,,2574,121
9lFno5IXyxozEj3I3uRhow__.mp4,,15,121
nshYwmQFjQk.mp4,,27,121
nshYwmQFjQk.mp4,,3321,121
nshYwmQFjQk.mp4,,7196,121
2930338509.mp4,,52,121
2930338509.mp4,,2502,121
2930338509.mp4,,4895,121
2101401009.mp4,,83,121
2101401009.mp4,,1880,121
2101401009.mp4,,3705,121
2mDeKxPxv9I.mp4,,25,121
2mDeKxPxv9I.mp4,,3264,121
2mDeKxPxv9I.mp4,,7237,121
5230792109.mp4,,10,121
5230792109.mp4,,638,121
5230792109.mp4,,1418,121
5126163609.mp4,,46,121
5126163609.mp4,,2079,121
5126163609.mp4,,4827,121
5208491109.mp4,,19,121
5208491109.mp4,,1607,121
5208491109.mp4,,3582,121
5283997809.mp4,,70,121
5283997809.mp4,,1751,121
5283997809.mp4,,3047,121
4225196409.mp4,,55,121
4225196409.mp4,,2462,121
4225196409.mp4,,4208,121
1403268909.mp4,,70,121
1403268909.mp4,,3723,121
1403268909.mp4,,6880,121
xkkWhTnZtWs.mp4,,74,121
xkkWhTnZtWs.mp4,,5382,121
xkkWhTnZtWs.mp4,,7145,121
5444121509.mp4,,69,121
5444121509.mp4,,1793,121
5444121509.mp4,,4049,121
46iJoh5CASA.mp4,,366,121
46iJoh5CASA.mp4,,2362,121
46iJoh5CASA.mp4,,3866,121
tv6VfZEb8jo.mp4,,762,121
tv6VfZEb8jo.mp4,,6397,121
tv6VfZEb8jo.mp4,,11737,121
_r0N7oI9ZZA.mp4,,1202,121
_r0N7oI9ZZA.mp4,,1751,121
_r0N7oI9ZZA.mp4,,2982,121
9A7wTzQFGwcEwshJ4ZqygQ__.mp4,,6415,121
v8mYJ-ZKbLM.mp4,,16,121
v8mYJ-ZKbLM.mp4,,1587,121
v8mYJ-ZKbLM.mp4,,6779,121
bqFIl5aMBq4.mp4,,344,121
qvEykKzJMWxw1y6iFJhS7Q__.mp4,,637,121
qvEykKzJMWxw1y6iFJhS7Q__.mp4,,1061,121
qvEykKzJMWxw1y6iFJhS7Q__.mp4,,1420,121
8cr92l70N64wbJtp1pcnfw__.mp4,,6,121
8cr92l70N64wbJtp1pcnfw__.mp4,,26,121
8cr92l70N64wbJtp1pcnfw__.mp4,,103,121
U3zuSxKLRRs.mp4,,373,121
U3zuSxKLRRs.mp4,,3116,121
U3zuSxKLRRs.mp4,,7939,121
FtuouvCctYc.mp4,,35,121
FtuouvCctYc.mp4,,2911,121
FtuouvCctYc.mp4,,5105,121
3GBmDLj6EsU.mp4,,50,121
3GBmDLj6EsU.mp4,,2090,121
3GBmDLj6EsU.mp4,,4260,121
2521659009.mp4,,24,121
2521659009.mp4,,1786,121
2521659009.mp4,,4719,121
8rF0wR5iSZc.mp4,,59,121
8rF0wR5iSZc.mp4,,2861,121
8rF0wR5iSZc.mp4,,4134,121
95Cx6g83K5Y.mp4,,4829,121
95Cx6g83K5Y.mp4,,4834,121
95Cx6g83K5Y.mp4,,5215,121
EuYybrI2vok.mp4,,179,121
EuYybrI2vok.mp4,,2919,121
EuYybrI2vok.mp4,,5126,121
1oNGB6pzlo0.mp4,,1216,121
5378699409.mp4,,12,121
5378699409.mp4,,590,121
5378699409.mp4,,1411,121
5J6NbemmLKQ.mp4,,8,121
5J6NbemmLKQ.mp4,,5567,121
5J6NbemmLKQ.mp4,,12218,121
1GssURnSGac.mp4,,3691,121
1GssURnSGac.mp4,,10767,121
1GssURnSGac.mp4,,13363,121
2639520909.mp4,,162,121
2639520909.mp4,,636,121
2639520909.mp4,,687,121
gU-8JwbcF-A.mp4,,226,121
gU-8JwbcF-A.mp4,,3559,121
gU-8JwbcF-A.mp4,,6455,121
iBFCywVgcXk.mp4,,5026,121
6LnF2ptTMG0.mp4,,59,121
6LnF2ptTMG0.mp4,,125,121
6LnF2ptTMG0.mp4,,9313,121
CommandModuleDocumentarymkv.mp4,,12,121
CommandModuleDocumentarymkv.mp4,,33728,121
CommandModuleDocumentarymkv.mp4,,79686,121
Bb70F2tu7mA.mp4,,1049,121
Bb70F2tu7mA.mp4,,4776,121
Bb70F2tu7mA.mp4,,8192,121
8ihCZkTyjsQ.mp4,,150,121
8ihCZkTyjsQ.mp4,,1287,121
8ihCZkTyjsQ.mp4,,3433,121
2908213409.mp4,,49,121
2908213409.mp4,,2566,121
2908213409.mp4,,5332,121
1403266309.mp4,,384,121
1403266309.mp4,,1139,121
1403266309.mp4,,2625,121
3670790909.mp4,,32,121
3670790909.mp4,,1061,121
3670790909.mp4,,1935,121
wYP2zcP1h88.mp4,,151,121
wYP2zcP1h88.mp4,,2784,121
wYP2zcP1h88.mp4,,4113,121
2760240609.mp4,,39,121
2760240609.mp4,,814,121
2760240609.mp4,,2198,121
5138610609.mp4,,19,121
5138610609.mp4,,870,121
5138610609.mp4,,1387,121
OovfVbRjqgQ.mp4,,3097,121
OovfVbRjqgQ.mp4,,4434,121
OovfVbRjqgQ.mp4,,6095,121
8xzfSYHcs8tE9xEQMdinE~GNpImGMg2x.mp4,,25,121
8xzfSYHcs8tE9xEQMdinE~GNpImGMg2x.mp4,,264,121
8xzfSYHcs8tE9xEQMdinE~GNpImGMg2x.mp4,,1060,121
ZtGbMpgIdtw.mp4,,455,121
ZtGbMpgIdtw.mp4,,3017,121
ZtGbMpgIdtw.mp4,,6026,121
2193180309.mp4,,143,121
2193180309.mp4,,1861,121
2193180309.mp4,,4121,121
CtPELPb79G4.mp4,,984,121
CtPELPb79G4.mp4,,3666,121
CtPELPb79G4.mp4,,5763,121
3470173309.mp4,,24,121
3470173309.mp4,,3137,121
3470173309.mp4,,7159,121
gezVzO4FqLc.mp4,,430,121
gezVzO4FqLc.mp4,,6531,121
gezVzO4FqLc.mp4,,11827,121
Y~6BaiYb4hXPQ2~8fhg~FgyAfIHsN132.mp4,,34,121
Y~6BaiYb4hXPQ2~8fhg~FgyAfIHsN132.mp4,,227,121
Y~6BaiYb4hXPQ2~8fhg~FgyAfIHsN132.mp4,,1223,121
documentary_41.mp4,,953,121
documentary_41.mp4,,76813,121
documentary_41.mp4,,157102,121
xIRZLTX03EE.mp4,,66,121
xIRZLTX03EE.mp4,,2454,121
xIRZLTX03EE.mp4,,4906,121
CTrnIaaNr91pm9XvUvpBsA__.mp4,,219,121
CTrnIaaNr91pm9XvUvpBsA__.mp4,,3133,121
CTrnIaaNr91pm9XvUvpBsA__.mp4,,6452,121
documentary_38.mp4,,97,121
documentary_38.mp4,,117640,121
documentary_38.mp4,,242201,121
5014768309.mp4,,9,121
5014768309.mp4,,953,121
5014768309.mp4,,1607,121
QLiLv4C~mOEJfeHOrrf4Uw__.mp4,,54,121
QLiLv4C~mOEJfeHOrrf4Uw__.mp4,,4998,121
QLiLv4C~mOEJfeHOrrf4Uw__.mp4,,11285,121
9_EIMkE2q9k.mp4,,5954,121
5144849409.mp4,,8,121
5144849409.mp4,,621,121
5144849409.mp4,,1392,121
4978464609.mp4,,21,121
4978464609.mp4,,1067,121
4978464609.mp4,,1859,121
documentary_36.mp4,,92,121
documentary_36.mp4,,73424,121
documentary_36.mp4,,166068,121
Gpxrbh5CxO4.mp4,,1239,121
Gpxrbh5CxO4.mp4,,3714,121
Gpxrbh5CxO4.mp4,,6372,121
2764394109.mp4,,92,121
2764394109.mp4,,925,121
2764394109.mp4,,2049,121
documentary_33.mp4,,589,121
documentary_33.mp4,,38401,121
documentary_33.mp4,,76979,121
2856666309.mp4,,79,121
2856666309.mp4,,3195,121
2856666309.mp4,,5366,121
AkyKtg7UauKmDgSmrWm4mg__.mp4,,3,121
6NThKcF4kXrfLmf3B5DZBQ__.mp4,,29,121
6NThKcF4kXrfLmf3B5DZBQ__.mp4,,127,121
6NThKcF4kXrfLmf3B5DZBQ__.mp4,,280,121
4Z1gv232CnA.mp4,,1206,121
4Z1gv232CnA.mp4,,4957,121
4Z1gv232CnA.mp4,,7379,121
VGGpA-sbCFJWxm6vOZvJ4A__.mp4,,94,121
VGGpA-sbCFJWxm6vOZvJ4A__.mp4,,831,121
VGGpA-sbCFJWxm6vOZvJ4A__.mp4,,2366,121
4485255509.mp4,,170,121
4485255509.mp4,,3250,121
4485255509.mp4,,4858,121
3844375309.mp4,,3,121
3844375309.mp4,,2731,121
3844375309.mp4,,4409,121
1235620409.mp4,,102,121
1235620409.mp4,,3010,121
1235620409.mp4,,6351,121
4903768509.mp4,,51,121
4903768509.mp4,,2975,121
4903768509.mp4,,4665,121
8eKGkDScB5o.mp4,,47,121
8eKGkDScB5o.mp4,,3321,121
8eKGkDScB5o.mp4,,4820,121
hS4APKm5_Q8.mp4,,1679,121
hS4APKm5_Q8.mp4,,2068,121
hS4APKm5_Q8.mp4,,3544,121
5100630809.mp4,,103,121
5100630809.mp4,,869,121
5100630809.mp4,,1918,121
YnXB4M8jPsBtx1NM3v9QiA__.mp4,,32,121
YnXB4M8jPsBtx1NM3v9QiA__.mp4,,5499,121
YnXB4M8jPsBtx1NM3v9QiA__.mp4,,11272,121
6UDwvOVthzA.mp4,,122,121
6UDwvOVthzA.mp4,,5736,121
6UDwvOVthzA.mp4,,10260,121
5080556209.mp4,,83,121
5080556209.mp4,,1517,121
5080556209.mp4,,2767,121
QuantumTheoryFullDocumentaryHDmkv.mp4,,36,121
QuantumTheoryFullDocumentaryHDmkv.mp4,,43662,121
QuantumTheoryFullDocumentaryHDmkv.mp4,,95879,121
5zrTJDfDs39bAhsjLAfcAw__.mp4,,19,121
8i0yye2LmNA.mp4,,2025,121
8i0yye2LmNA.mp4,,2310,121
8i0yye2LmNA.mp4,,2596,121
5036667209.mp4,,24,121
5036667209.mp4,,1575,121
5036667209.mp4,,2951,121
5119527309.mp4,,3563,121
bExVWAn31B0oZ6hWzbdNuA__.mp4,,89,121
bExVWAn31B0oZ6hWzbdNuA__.mp4,,165,121
bExVWAn31B0oZ6hWzbdNuA__.mp4,,371,121
60XnbJ2f9fA.mp4,,1049,121
60XnbJ2f9fA.mp4,,3856,121
60XnbJ2f9fA.mp4,,8422,121
2112610109.mp4,,80,121
2112610109.mp4,,1592,121
2112610109.mp4,,2735,121
5dZHNu0IZbc.mp4,,533,121
5dZHNu0IZbc.mp4,,557,121
5dZHNu0IZbc.mp4,,3840,121
GrD7nlStXsY.mp4,,655,121
GrD7nlStXsY.mp4,,4246,121
GrD7nlStXsY.mp4,,7831,121
5190401609.mp4,,18,121
5190401609.mp4,,1575,121
5190401609.mp4,,2825,121
2271562309.mp4,,1269,121
2271562309.mp4,,2357,121
documentary_51.mp4,,13,121
documentary_51.mp4,,52639,121
documentary_51.mp4,,127396,121
7AlMhq1BE4A.mp4,,6,121
7AlMhq1BE4A.mp4,,4349,121
7AlMhq1BE4A.mp4,,5607,121
4666892009.mp4,,23,121
4666892009.mp4,,2338,121
4666892009.mp4,,4425,121
gh6oTy5pDlT-Mik7TQoQrA__.mp4,,87,121
gh6oTy5pDlT-Mik7TQoQrA__.mp4,,1003,121
gh6oTy5pDlT-Mik7TQoQrA__.mp4,,1903,121
jtPzBxNmlUngTovbiubjkhmg~jPoOhYT.mp4,,123,121
jtPzBxNmlUngTovbiubjkhmg~jPoOhYT.mp4,,325,121
jtPzBxNmlUngTovbiubjkhmg~jPoOhYT.mp4,,404,121
3549584409.mp4,,31,121
3549584409.mp4,,3508,121
3549584409.mp4,,7249,121
3164708409.mp4,,36,121
3164708409.mp4,,1490,121
3164708409.mp4,,2597,121
uZohr~QkkUnpEGhuBn~JyA__.mp4,,101,121
uZohr~QkkUnpEGhuBn~JyA__.mp4,,1549,121
uZohr~QkkUnpEGhuBn~JyA__.mp4,,2999,121
D5G-YWdOza7nwzKgyjjBvg__.mp4,,616,121
D5G-YWdOza7nwzKgyjjBvg__.mp4,,2749,121
D5G-YWdOza7nwzKgyjjBvg__.mp4,,4860,121
3338803009.mp4,,226,121
3338803009.mp4,,1735,121
3338803009.mp4,,4772,121
6jy73HXZkmo.mp4,,75,121
6jy73HXZkmo.mp4,,1423,121
6jy73HXZkmo.mp4,,5424,121
w130G16pEiv6MqSukw78Wg__.mp4,,36,121
w130G16pEiv6MqSukw78Wg__.mp4,,1099,121
w130G16pEiv6MqSukw78Wg__.mp4,,2496,121
5396410609.mp4,,126,121
5396410609.mp4,,1124,121
5396410609.mp4,,2267,121
WUQ0JyNwYYc.mp4,,82,121
WUQ0JyNwYYc.mp4,,969,121
WUQ0JyNwYYc.mp4,,5912,121
3577355509.mp4,,174,121
3577355509.mp4,,2982,121
3577355509.mp4,,6364,121
kWz1yXeRtXY.mp4,,507,121
2VtqjlcDC4U.mp4,,208,121
2VtqjlcDC4U.mp4,,1826,121
2VtqjlcDC4U.mp4,,3643,121
AxCV0jKUrdw.mp4,,2307,121
AxCV0jKUrdw.mp4,,2637,121
AxCV0jKUrdw.mp4,,2937,121
0rUrBgbLkzA.mp4,,90,121
0rUrBgbLkzA.mp4,,390,121
0rUrBgbLkzA.mp4,,3812,121
2827734809.mp4,,71,121
2827734809.mp4,,576,121
2827734809.mp4,,1406,121
8fF_a5ZrbLQ.mp4,,5,121
8fF_a5ZrbLQ.mp4,,2935,121
8fF_a5ZrbLQ.mp4,,6239,121
kNBnmsW9Fbk.mp4,,54,121
kNBnmsW9Fbk.mp4,,3289,121
kNBnmsW9Fbk.mp4,,5388,121
2195956409.mp4,,57,121
2195956409.mp4,,1548,121
2195956409.mp4,,3172,121
5374305909.mp4,,169,121
5374305909.mp4,,1756,121
5374305909.mp4,,3132,121
SII4~tfY01o09SwgECKJ7ARd7IfdxFOX.mp4,,691,121
SII4~tfY01o09SwgECKJ7ARd7IfdxFOX.mp4,,5565,121
SII4~tfY01o09SwgECKJ7ARd7IfdxFOX.mp4,,11308,121
5402962209.mp4,,170,121
5402962209.mp4,,3369,121
5402962209.mp4,,6895,121
4216043609.mp4,,81,121
4216043609.mp4,,897,121
4216043609.mp4,,1932,121
5427542609.mp4,,73,121
5427542609.mp4,,2679,121
5427542609.mp4,,4077,121
4R9klY7SmX4.mp4,,43,121
4R9klY7SmX4.mp4,,2773,121
4R9klY7SmX4.mp4,,4921,121
mstsqafcGJI.mp4,,5187,121
mstsqafcGJI.mp4,,7025,121
mstsqafcGJI.mp4,,8881,121
4838169909.mp4,,4778,121
75wXhKid~zQz3RmiseU0286djD2VA6fF.mp4,,1129,121
zoOtiP1L2y25j1Ugh7HkNg__.mp4,,15,121
zoOtiP1L2y25j1Ugh7HkNg__.mp4,,1191,121
zoOtiP1L2y25j1Ugh7HkNg__.mp4,,3431,121
A-z1pv7cf3I.mp4,,282,121
A-z1pv7cf3I.mp4,,3035,121
A-z1pv7cf3I.mp4,,5456,121
JVXbQBdFc4pW~1Y0aeic9BRC58Zv5M0q.mp4,,2,121
JVXbQBdFc4pW~1Y0aeic9BRC58Zv5M0q.mp4,,3077,121
JVXbQBdFc4pW~1Y0aeic9BRC58Zv5M0q.mp4,,5847,121
2846556809.mp4,,130,121
2846556809.mp4,,892,121
2846556809.mp4,,1914,121
3590574109.mp4,,39,121
3590574109.mp4,,2059,121
3590574109.mp4,,3966,121
aaVwmCSLGqweZxb89XmFLw__.mp4,,460,121
aaVwmCSLGqweZxb89XmFLw__.mp4,,4942,121
aaVwmCSLGqweZxb89XmFLw__.mp4,,10278,121
documentary_5.mp4,,64,121
documentary_5.mp4,,31647,121
documentary_5.mp4,,72274,121
2358379109.mp4,,79,121
2358379109.mp4,,818,121
2358379109.mp4,,1410,121
YoungJeezyAHustlerzAmbitionDocumentarymkv.mp4,,582,121
YoungJeezyAHustlerzAmbitionDocumentarymkv.mp4,,38925,121
YoungJeezyAHustlerzAmbitionDocumentarymkv.mp4,,75387,121
3566471009.mp4,,132,121
3566471009.mp4,,2932,121
3566471009.mp4,,5694,121
4cz814Un2kGHq8kPmRPeVA__.mp4,,182,121
4cz814Un2kGHq8kPmRPeVA__.mp4,,998,121
4cz814Un2kGHq8kPmRPeVA__.mp4,,1545,121
2107545209.mp4,,8,121
2107545209.mp4,,2608,121
2107545209.mp4,,5084,121
3853157909.mp4,,30,121
3853157909.mp4,,1145,121
3853157909.mp4,,3674,121
3469036509.mp4,,16,121
3469036509.mp4,,2130,121
3469036509.mp4,,4374,121
pC3eXaBFFUQZDXxKXCYdGA__.mp4,,50,121
pC3eXaBFFUQZDXxKXCYdGA__.mp4,,2087,121
pC3eXaBFFUQZDXxKXCYdGA__.mp4,,4313,121
g5tY-3e73h0.mp4,,72,121
g5tY-3e73h0.mp4,,1605,121
g5tY-3e73h0.mp4,,4381,121
3405629509.mp4,,16,121
3405629509.mp4,,2795,121
3405629509.mp4,,5549,121
3558548709.mp4,,163,121
3558548709.mp4,,2255,121
3558548709.mp4,,5100,121
5344718109.mp4,,186,121
5344718109.mp4,,1869,121
5344718109.mp4,,3099,121
6WRqxW9Jyt8.mp4,,177,121
6WRqxW9Jyt8.mp4,,4812,121
6WRqxW9Jyt8.mp4,,7829,121
915e_iFjBCc.mp4,,145,121
915e_iFjBCc.mp4,,2828,121
915e_iFjBCc.mp4,,5314,121
3223651709.mp4,,115,121
3223651709.mp4,,2072,121
3223651709.mp4,,3876,121
PyWVVSxFI9iSb6der5rHUg__.mp4,,43,121
3454988909.mp4,,110,121
3454988909.mp4,,321,121
3454988909.mp4,,792,121
2504923509.mp4,,12,121
2504923509.mp4,,2012,121
2504923509.mp4,,3950,121
a3LC433yA7k.mp4,,63,121
a3LC433yA7k.mp4,,2110,121
a3LC433yA7k.mp4,,4343,121
4572062609.mp4,,6,121
4572062609.mp4,,2527,121
4572062609.mp4,,4173,121
3444714709.mp4,,1,121
3444714709.mp4,,2911,121
3444714709.mp4,,6829,121
AGLTlZmFlqQ.mp4,,249,121
AGLTlZmFlqQ.mp4,,6323,121
AGLTlZmFlqQ.mp4,,7666,121
wOuczGJaSp7hZ5OcVFtydQ__.mp4,,32,121
wOuczGJaSp7hZ5OcVFtydQ__.mp4,,39,121
wOuczGJaSp7hZ5OcVFtydQ__.mp4,,241,121
9Jhuh7J2HWA.mp4,,192,121
9Jhuh7J2HWA.mp4,,4975,121
9Jhuh7J2HWA.mp4,,8625,121
1nMkMyYY6~wtPW3AwRHrxA__.mp4,,40,121
1nMkMyYY6~wtPW3AwRHrxA__.mp4,,867,121
1nMkMyYY6~wtPW3AwRHrxA__.mp4,,1607,121
I7BD4gRzm0M.mp4,,392,121
I7BD4gRzm0M.mp4,,2346,121
I7BD4gRzm0M.mp4,,4101,121
OyHOJGu_SGA.mp4,,5404,121
OyHOJGu_SGA.mp4,,5411,121
3775000509.mp4,,30,121
3775000509.mp4,,855,121
3775000509.mp4,,1475,121
3191683009.mp4,,153,121
3191683009.mp4,,3832,121
3191683009.mp4,,7101,121
FL07jFoR5fOqIIyZoGfiRA__.mp4,,47,121
FL07jFoR5fOqIIyZoGfiRA__.mp4,,169,121
FL07jFoR5fOqIIyZoGfiRA__.mp4,,462,121
~fTKNcPHcBtlXfI0s6HG8Q__.mp4,,328,121
~fTKNcPHcBtlXfI0s6HG8Q__.mp4,,408,121
~fTKNcPHcBtlXfI0s6HG8Q__.mp4,,1030,121
_CoTQCQ5YBo.mp4,,463,121
_CoTQCQ5YBo.mp4,,1601,121
_CoTQCQ5YBo.mp4,,3714,121
5QK0HUyKmQU.mp4,,89,121
5QK0HUyKmQU.mp4,,6556,121
5QK0HUyKmQU.mp4,,13106,121
BOiXQHYGiqOqJyYbO2wahA__.mp4,,223,121
JCaCmSKhy2EWSaU7WxCawfwrBeGbvfYb.mp4,,15,121
JCaCmSKhy2EWSaU7WxCawfwrBeGbvfYb.mp4,,2213,121
JCaCmSKhy2EWSaU7WxCawfwrBeGbvfYb.mp4,,5272,121
qwY3dpZqPnsqnuSbYIK2AA__.mp4,,14,121
qwY3dpZqPnsqnuSbYIK2AA__.mp4,,71,121
qwY3dpZqPnsqnuSbYIK2AA__.mp4,,144,121
4256712109.mp4,,65,121
4256712109.mp4,,2199,121
4256712109.mp4,,4283,121
gtH71ifv_qQ.mp4,,1247,121
gtH71ifv_qQ.mp4,,5510,121
gtH71ifv_qQ.mp4,,9405,121
SQle8FVUJHZf5gl5Liu6Sg__.mp4,,137,121
SQle8FVUJHZf5gl5Liu6Sg__.mp4,,462,121
SQle8FVUJHZf5gl5Liu6Sg__.mp4,,963,121
2119678609.mp4,,130,121
2119678609.mp4,,1194,121
2119678609.mp4,,1698,121
5035513309.mp4,,42,121
5035513309.mp4,,1508,121
5035513309.mp4,,3084,121
5-RaeFowNYg.mp4,,149,121
5-RaeFowNYg.mp4,,2772,121
5-RaeFowNYg.mp4,,4695,121
5pVMI_kKzVE.mp4,,120,121
5pVMI_kKzVE.mp4,,3372,121
5pVMI_kKzVE.mp4,,4585,121
61OrkAGHqtU.mp4,,33,121
61OrkAGHqtU.mp4,,4172,121
61OrkAGHqtU.mp4,,5794,121
1xPNdkmbRSdV-F1h1o6bdg__.mp4,,69,121
1xPNdkmbRSdV-F1h1o6bdg__.mp4,,427,121
1xPNdkmbRSdV-F1h1o6bdg__.mp4,,923,121
Crn86IzTkSw.mp4,,2466,121
GccossS5CVQ.mp4,,922,121
GccossS5CVQ.mp4,,7914,121
GccossS5CVQ.mp4,,14128,121
GCtSwoB_0gk.mp4,,735,121
GCtSwoB_0gk.mp4,,2691,121
GCtSwoB_0gk.mp4,,2761,121
JKw61PMF8J8.mp4,,41,121
JKw61PMF8J8.mp4,,2526,121
JKw61PMF8J8.mp4,,4974,121
2660206509.mp4,,21,121
2660206509.mp4,,898,121
2660206509.mp4,,2167,121
5116121509.mp4,,19,121
5116121509.mp4,,2121,121
5116121509.mp4,,4336,121
AjPOJ3ODNBc.mp4,,396,121
AjPOJ3ODNBc.mp4,,2977,121
AjPOJ3ODNBc.mp4,,9234,121
_F87WMkiB-s.mp4,,368,121
_F87WMkiB-s.mp4,,1954,121
_F87WMkiB-s.mp4,,3798,121
Og56Qt-bzZQ.mp4,,8329,121
3377761009.mp4,,330,121
3377761009.mp4,,2803,121
3377761009.mp4,,4606,121
NapoleonPBSDocumentary1Of4mkv.mp4,,669,121
NapoleonPBSDocumentary1Of4mkv.mp4,,42344,121
NapoleonPBSDocumentary1Of4mkv.mp4,,80996,121
4724231109.mp4,,48,121
4724231109.mp4,,2274,121
4724231109.mp4,,4225,121
wO4MqJXcBIPwF8D9xm5CLg__.mp4,,2,121
wO4MqJXcBIPwF8D9xm5CLg__.mp4,,597,121
wO4MqJXcBIPwF8D9xm5CLg__.mp4,,1200,121
4369910409.mp4,,68,121
4369910409.mp4,,1749,121
4369910409.mp4,,4248,121
q_QKViiQ1S0.mp4,,54,121
q_QKViiQ1S0.mp4,,6752,121
q_QKViiQ1S0.mp4,,12584,121
2ezl7A7zS-ANFonV1rv5Cg__.mp4,,924,121
2ezl7A7zS-ANFonV1rv5Cg__.mp4,,1031,121
WXWhoFQM1Zo.mp4,,11,121
WXWhoFQM1Zo.mp4,,2150,121
WXWhoFQM1Zo.mp4,,3791,121
2283410209.mp4,,37,121
2283410209.mp4,,601,121
2283410209.mp4,,1319,121
VWw5GQ2xsf85ShUvfa0K9A__.mp4,,79,121
4967367609.mp4,,1,121
4967367609.mp4,,1581,121
4967367609.mp4,,3448,121
8TZFYsfWFqo.mp4,,68,121
8TZFYsfWFqo.mp4,,2836,121
8TZFYsfWFqo.mp4,,7534,121
4765490509.mp4,,473,121
4765490509.mp4,,991,121
4765490509.mp4,,1664,121
2fZISsqHP0I.mp4,,8996,121
2fZISsqHP0I.mp4,,9106,121
RHGJDdu4cfA88epEdFHdvw__.mp4,,60,121
RHGJDdu4cfA88epEdFHdvw__.mp4,,3884,121
RHGJDdu4cfA88epEdFHdvw__.mp4,,10907,121
5rptTqLeqd8.mp4,,2993,121
AbwfrgxxXz4.mp4,,71,121
AbwfrgxxXz4.mp4,,3388,121
AbwfrgxxXz4.mp4,,9876,121
3CYP24LqY2g.mp4,,115,121
3CYP24LqY2g.mp4,,4279,121
3CYP24LqY2g.mp4,,8676,121
3724708409.mp4,,13,121
3724708409.mp4,,1815,121
3724708409.mp4,,3777,121
A8cTIeFK5L8.mp4,,4164,121
2679554209.mp4,,111,121
2679554209.mp4,,654,121
2679554209.mp4,,1508,121
4849623909.mp4,,63,121
4849623909.mp4,,1487,121
4849623909.mp4,,2899,121
wKQ4QPbWnts.mp4,,1661,121
ipge4TMMN88.mp4,,853,121
ipge4TMMN88.mp4,,2568,121
ipge4TMMN88.mp4,,6292,121
mU2yYBrbY857EmFOg6mr8w__.mp4,,24,121
mU2yYBrbY857EmFOg6mr8w__.mp4,,1935,121
mU2yYBrbY857EmFOg6mr8w__.mp4,,2885,121
DYzFnR3NcQo.mp4,,642,121
DYzFnR3NcQo.mp4,,1170,121
DYzFnR3NcQo.mp4,,3688,121
3436718509.mp4,,3,121
3436718509.mp4,,3043,121
3436718509.mp4,,5317,121
OayGsj4CglUMIe0eaRBwdQ__.mp4,,38,121
OayGsj4CglUMIe0eaRBwdQ__.mp4,,88,121
OayGsj4CglUMIe0eaRBwdQ__.mp4,,188,121
2653705409.mp4,,41,121
2653705409.mp4,,624,121
2653705409.mp4,,1531,121
1248231709.mp4,,13,121
1248231709.mp4,,998,121
1248231709.mp4,,1843,121
2855659109.mp4,,79,121
2855659109.mp4,,3962,121
2855659109.mp4,,6647,121
mKxRe0hAQmg.mp4,,353,121
mKxRe0hAQmg.mp4,,2625,121
mKxRe0hAQmg.mp4,,4897,121
AjQIvotROZATY9rNhwMqsiGlRV48NjSx.mp4,,66,121
AjQIvotROZATY9rNhwMqsiGlRV48NjSx.mp4,,544,121
AjQIvotROZATY9rNhwMqsiGlRV48NjSx.mp4,,1124,121
o1ZnKnipUxc.mp4,,917,121
o1ZnKnipUxc.mp4,,3670,121
o1ZnKnipUxc.mp4,,6999,121
4724101809.mp4,,9,121
4724101809.mp4,,2426,121
4724101809.mp4,,4754,121
2295010309.mp4,,167,121
2295010309.mp4,,2161,121
2295010309.mp4,,3548,121
A4Kod1ltFlNnY2GrHrvDaqqHBsgRoOrc.mp4,,117,121
A4Kod1ltFlNnY2GrHrvDaqqHBsgRoOrc.mp4,,511,121
A4Kod1ltFlNnY2GrHrvDaqqHBsgRoOrc.mp4,,953,121
LyR-~K2esWmtdE393HDbbA__.mp4,,17,121
LyR-~K2esWmtdE393HDbbA__.mp4,,6072,121
LyR-~K2esWmtdE393HDbbA__.mp4,,11719,121
rzr5CwRxDpCGCX4~cwztrg__.mp4,,239,121
rzr5CwRxDpCGCX4~cwztrg__.mp4,,1083,121
rzr5CwRxDpCGCX4~cwztrg__.mp4,,1532,121
1g15PibhpjyT1LSkzvjMSA__.mp4,,11,121
1g15PibhpjyT1LSkzvjMSA__.mp4,,789,121
1g15PibhpjyT1LSkzvjMSA__.mp4,,1600,121
5zYiF7PXzHI.mp4,,225,121
5zYiF7PXzHI.mp4,,2225,121
5zYiF7PXzHI.mp4,,6913,121
2789415009.mp4,,2330,121
2789415009.mp4,,2368,121
2789415009.mp4,,4172,121
AdAhfwy-3KUuoNALw9sJiw__.mp4,,95,121
AdAhfwy-3KUuoNALw9sJiw__.mp4,,652,121
AdAhfwy-3KUuoNALw9sJiw__.mp4,,1472,121
2395924709.mp4,,137,121
2395924709.mp4,,2224,121
2395924709.mp4,,3856,121
V_-rLI2KY1I.mp4,,137,121
V_-rLI2KY1I.mp4,,3729,121
V_-rLI2KY1I.mp4,,7191,121
k91jQEHLMMI.mp4,,43,121
k91jQEHLMMI.mp4,,2053,121
k91jQEHLMMI.mp4,,4506,121
-FQEEMgpxoI.mp4,,18,121
-FQEEMgpxoI.mp4,,3274,121
-FQEEMgpxoI.mp4,,7901,121
7gGaM-ci3qI.mp4,,80,121
7gGaM-ci3qI.mp4,,2395,121
7gGaM-ci3qI.mp4,,4970,121
FUHTjP4OtWJ9meniRGIr1g__.mp4,,163,121
FUHTjP4OtWJ9meniRGIr1g__.mp4,,657,121
FUHTjP4OtWJ9meniRGIr1g__.mp4,,1355,121
3113542109.mp4,,75,121
3113542109.mp4,,1453,121
3113542109.mp4,,3782,121
4561508909.mp4,,28,121
4561508909.mp4,,1078,121
4561508909.mp4,,2272,121
8qVJri775Qu-WrfFZQq7UA__.mp4,,3,121
3747996409.mp4,,95,121
3747996409.mp4,,1769,121
3747996409.mp4,,3726,121
2795586809.mp4,,252,121
2795586809.mp4,,721,121
2795586809.mp4,,1449,121
pIlTCLX3CkU.mp4,,2918,121
3120705709.mp4,,1458,121
3120705709.mp4,,2177,121
3120705709.mp4,,4397,121
7wOfPYM-YxI.mp4,,29,121
7wOfPYM-YxI.mp4,,2571,121
7wOfPYM-YxI.mp4,,4616,121
8Bz18ZWZQXg.mp4,,738,121
8Bz18ZWZQXg.mp4,,2231,121
8Bz18ZWZQXg.mp4,,3724,121
5191077309.mp4,,93,121
5191077309.mp4,,3930,121
5191077309.mp4,,6799,121
4790852709.mp4,,140,121
4790852709.mp4,,5162,121
4790852709.mp4,,8073,121
5110192809.mp4,,20,121
5110192809.mp4,,1865,121
5110192809.mp4,,3579,121
Fs_8W8_rL0Q.mp4,,390,121
Fs_8W8_rL0Q.mp4,,4849,121
Fs_8W8_rL0Q.mp4,,8386,121
TdNZr4aV7eA.mp4,,2027,121
TdNZr4aV7eA.mp4,,2828,121
TdNZr4aV7eA.mp4,,4296,121
7OnoD7Qmyo4.mp4,,34,121
7OnoD7Qmyo4.mp4,,3585,121
7OnoD7Qmyo4.mp4,,7304,121
02wrYt1SltEVqMicrhLiKA__.mp4,,126,121
02wrYt1SltEVqMicrhLiKA__.mp4,,313,121
4916087309.mp4,,69,121
4916087309.mp4,,975,121
4916087309.mp4,,1755,121
2783119709.mp4,,38,121
2783119709.mp4,,1067,121
2783119709.mp4,,1852,121
2650719109.mp4,,13,121
2650719109.mp4,,2272,121
2650719109.mp4,,4826,121
5415810209.mp4,,61,121
5415810209.mp4,,1478,121
5415810209.mp4,,2796,121
OK7k4cFtq7yvvQFczn6oXBkUURsrYcGG.mp4,,552,121
OK7k4cFtq7yvvQFczn6oXBkUURsrYcGG.mp4,,4198,121
OK7k4cFtq7yvvQFczn6oXBkUURsrYcGG.mp4,,7494,121
8xQty3OSQL8.mp4,,216,121
8xQty3OSQL8.mp4,,3039,121
8xQty3OSQL8.mp4,,4958,121
DTzw5NTDAGHVlWUCsFqMgQ__.mp4,,19,121
2498353609.mp4,,1301,121
2334497409.mp4,,33,121
2334497409.mp4,,1170,121
2334497409.mp4,,4287,121
3736161909.mp4,,276,121
3736161909.mp4,,4160,121
3736161909.mp4,,7367,121
2568983409.mp4,,109,121
2568983409.mp4,,3116,121
2568983409.mp4,,5534,121
5259601609.mp4,,26,121
5259601609.mp4,,913,121
5259601609.mp4,,1883,121
AtnS_ANyOhE.mp4,,108,121
AtnS_ANyOhE.mp4,,1553,121
AtnS_ANyOhE.mp4,,3768,121
3736519009.mp4,,3,121
3736519009.mp4,,2390,121
3736519009.mp4,,5001,121
2665647109.mp4,,318,121
2665647109.mp4,,4200,121
2665647109.mp4,,7192,121
BAUzTZoRqwmdjNA4~10fHA__.mp4,,7,121
BAUzTZoRqwmdjNA4~10fHA__.mp4,,770,121
BAUzTZoRqwmdjNA4~10fHA__.mp4,,1655,121
Oalwv50383g.mp4,,54,121
Oalwv50383g.mp4,,1953,121
Oalwv50383g.mp4,,3953,121
QPLszB9zzgc.mp4,,7893,121
QPLszB9zzgc.mp4,,9796,121
QPLszB9zzgc.mp4,,12717,121
4D-wLazIG6o.mp4,,1829,121
4D-wLazIG6o.mp4,,3028,121
7FHqcO4mwZg.mp4,,189,121
7FHqcO4mwZg.mp4,,3122,121
7FHqcO4mwZg.mp4,,3377,121
2821424909.mp4,,11,121
2821424909.mp4,,1664,121
2821424909.mp4,,3119,121
PpyjmGObg7o.mp4,,132,121
PpyjmGObg7o.mp4,,2010,121
PpyjmGObg7o.mp4,,4025,121
4242748409.mp4,,140,121
4242748409.mp4,,3353,121
4242748409.mp4,,6067,121
Eit450dvnBw.mp4,,2162,121
j8yJoG2lcTd4Lp1TWizZdw__.mp4,,29,121
j8yJoG2lcTd4Lp1TWizZdw__.mp4,,119,121
j8yJoG2lcTd4Lp1TWizZdw__.mp4,,299,121
5324655909.mp4,,129,121
5324655909.mp4,,1600,121
5324655909.mp4,,2613,121
5261869509.mp4,,231,121
5261869509.mp4,,846,121
5261869509.mp4,,2150,121
3505586409.mp4,,74,121
3505586409.mp4,,1686,121
3505586409.mp4,,2718,121
